wavelength,readnoise,dark_counts,sky_counts,target_counts,total_counts
1194.5000,0,0.7425,2.3564e-10,24.905,25.648
1194.5500,0,0.7425,4.0334e-10,26.597,27.339
1194.6000,0,0.7425,4.4067e-10,26.628,27.371
1194.6500,0,0.7425,4.4154e-10,26.66,27.403
1194.7000,0,0.7425,4.4068e-10,26.692,27.434
1194.7500,0,0.7425,4.3981e-10,26.724,27.466
1194.8000,0,0.7425,4.3893e-10,26.755,27.498
1194.8500,0,0.7425,4.3806e-10,26.787,27.53
1194.9000,0,0.7425,4.3718e-10,26.819,27.562
1194.9500,0,0.7425,4.363e-10,26.851,27.594
1195.0000,0,0.7425,4.3542e-10,26.883,27.626
1195.0500,0,0.7425,4.3453e-10,26.915,27.657
1195.1000,0,0.7425,4.3365e-10,26.947,27.689
1195.1500,0,0.7425,4.3275e-10,26.979,27.721
1195.2000,0,0.7425,4.3186e-10,27.011,27.753
1195.2500,0,0.7425,4.3097e-10,27.043,27.785
1195.3000,0,0.7425,4.3007e-10,27.075,27.817
1195.3500,0,0.7425,4.2917e-10,27.107,27.85
1195.4000,0,0.7425,4.2826e-10,27.139,27.882
1195.4500,0,0.7425,4.2736e-10,27.171,27.914
1195.5000,0,0.7425,4.2645e-10,27.203,27.946
1195.5500,0,0.7425,4.2553e-10,27.236,27.978
1195.6000,0,0.7425,4.2462e-10,27.268,28.01
1195.6500,0,0.7425,4.237e-10,27.3,28.042
1195.7000,0,0.7425,4.2278e-10,27.332,28.075
1195.7500,0,0.7425,4.2186e-10,27.364,28.107
1195.8000,0,0.7425,4.2094e-10,27.397,28.139
1195.8500,0,0.7425,4.2001e-10,27.429,28.171
1195.9000,0,0.7425,4.1908e-10,27.461,28.204
1195.9500,0,0.7425,4.1814e-10,27.493,28.236
1196.0000,0,0.7425,4.1721e-10,27.526,28.268
1196.0500,0,0.7425,4.1627e-10,27.558,28.301
1196.1000,0,0.7425,4.1533e-10,27.591,28.333
1196.1500,0,0.7425,4.1438e-10,27.623,28.365
1196.2000,0,0.7425,4.1344e-10,27.655,28.398
1196.2500,0,0.7425,4.1249e-10,27.688,28.43
1196.3000,0,0.7425,4.1154e-10,27.72,28.463
1196.3500,0,0.7425,4.1058e-10,27.753,28.495
1196.4000,0,0.7425,4.0963e-10,27.785,28.528
1196.4500,0,0.7425,4.0866e-10,27.818,28.56
1196.5000,0,0.7425,4.077e-10,27.85,28.593
1196.5500,0,0.7425,4.0674e-10,27.883,28.625
1196.6000,0,0.7425,4.0577e-10,27.915,28.658
1196.6500,0,0.7425,4.048e-10,27.948,28.691
1196.7000,0,0.7425,4.0382e-10,27.981,28.723
1196.7500,0,0.7425,4.0285e-10,28.013,28.756
1196.8000,0,0.7425,4.0187e-10,28.046,28.788
1196.8500,0,0.7425,4.0089e-10,28.079,28.821
1196.9000,0,0.7425,3.999e-10,28.111,28.854
1196.9500,0,0.7425,3.9892e-10,28.144,28.887
1197.0000,0,0.7425,3.9793e-10,28.177,28.919
1197.0500,0,0.7425,3.9693e-10,28.21,28.952
1197.1000,0,0.7425,3.9594e-10,28.242,28.985
1197.1500,0,0.7425,3.9494e-10,28.275,29.018
1197.2000,0,0.7425,3.9394e-10,28.308,29.051
1197.2500,0,0.7425,3.9293e-10,28.341,29.083
1197.3000,0,0.7425,3.9193e-10,28.374,29.116
1197.3500,0,0.7425,3.9092e-10,28.407,29.149
1197.4000,0,0.7425,3.8991e-10,28.44,29.182
1197.4500,0,0.7425,3.8889e-10,28.472,29.215
1197.5000,0,0.7425,3.8788e-10,28.505,29.248
1197.5500,0,0.7425,3.8686e-10,28.538,29.281
1197.6000,0,0.7425,3.8583e-10,28.571,29.314
1197.6500,0,0.7425,3.8481e-10,28.604,29.347
1197.7000,0,0.7425,3.8378e-10,28.637,29.38
1197.7500,0,0.7425,3.8275e-10,28.671,29.413
1197.8000,0,0.7425,3.8171e-10,28.704,29.446
1197.8500,0,0.7425,3.8068e-10,28.737,29.479
1197.9000,0,0.7425,3.7964e-10,28.77,29.512
1197.9500,0,0.7425,3.786e-10,28.803,29.545
1198.0000,0,0.7425,3.7755e-10,28.836,29.579
1198.0500,0,0.7425,3.765e-10,28.869,29.612
1198.1000,0,0.7425,3.7545e-10,28.902,29.645
1198.1500,0,0.7425,3.744e-10,28.936,29.678
1198.2000,0,0.7425,3.7334e-10,28.969,29.711
1198.2500,0,0.7425,3.7228e-10,29.002,29.745
1198.3000,0,0.7425,3.7122e-10,29.035,29.778
1198.3500,0,0.7425,3.7016e-10,29.069,29.811
1198.4000,0,0.7425,3.6909e-10,29.102,29.844
1198.4500,0,0.7425,3.6802e-10,29.135,29.878
1198.5000,0,0.7425,3.6695e-10,29.169,29.911
1198.5500,0,0.7425,3.6587e-10,29.202,29.945
1198.6000,0,0.7425,3.6479e-10,29.235,29.978
1198.6500,0,0.7425,3.6371e-10,29.269,30.011
1198.7000,0,0.7425,3.6263e-10,29.302,30.045
1198.7500,0,0.7425,3.6154e-10,29.336,30.078
1198.8000,0,0.7425,3.6045e-10,29.369,30.112
1198.8500,0,0.7425,3.5936e-10,29.403,30.145
1198.9000,0,0.7425,3.5827e-10,29.436,30.179
1198.9500,0,0.7425,3.5717e-10,29.47,30.212
1199.0000,0,0.7425,3.5607e-10,29.503,30.246
1199.0500,0,0.7425,3.5496e-10,29.537,30.279
1199.1000,0,0.7425,3.5386e-10,29.57,30.313
1199.1500,0,0.7425,3.5275e-10,29.604,30.346
1199.2000,0,0.7425,3.5164e-10,29.638,30.38
1199.2500,0,0.7425,3.5052e-10,29.671,30.414
1199.3000,0,0.7425,3.494e-10,29.705,30.447
1199.3500,0,0.7425,3.4828e-10,29.739,30.481
1199.4000,0,0.7425,3.4716e-10,29.772,30.515
1199.4500,0,0.7425,3.4603e-10,29.806,30.548
1199.5000,0,0.7425,3.449e-10,29.84,30.582
1199.5500,0,0.7425,3.4377e-10,29.873,30.616
1199.6000,0,0.7425,3.4264e-10,29.907,30.65
1199.6500,0,0.7425,3.415e-10,29.941,30.684
1199.7000,0,0.7425,3.4036e-10,29.975,30.717
1199.7500,0,0.7425,3.3922e-10,30.009,30.751
1199.8000,0,0.7425,3.3807e-10,30.043,30.785
1199.8500,0,0.7425,3.3692e-10,30.076,30.819
1199.9000,0,0.7425,3.3577e-10,30.11,30.853
1199.9500,0,0.7425,3.3462e-10,30.144,30.887
1200.0000,0,0.7425,3.336e-10,30.177,30.92
1200.0500,0,0.7425,3.3308e-10,30.206,30.949
1200.1000,0,0.7425,3.3305e-10,30.234,30.977
1200.1500,0,0.7425,3.3315e-10,30.262,31.005
1200.2000,0,0.7425,3.3325e-10,30.29,31.033
1200.2500,0,0.7425,3.3336e-10,30.319,31.061
1200.3000,0,0.7425,3.3347e-10,30.347,31.089
1200.3500,0,0.7425,3.3358e-10,30.375,31.117
1200.4000,0,0.7425,3.3368e-10,30.403,31.146
1200.4500,0,0.7425,3.3379e-10,30.431,31.174
1200.5000,0,0.7425,3.339e-10,30.459,31.202
1200.5500,0,0.7425,3.34e-10,30.487,31.23
1200.6000,0,0.7425,3.3411e-10,30.516,31.258
1200.6500,0,0.7425,3.3421e-10,30.544,31.286
1200.7000,0,0.7425,3.3432e-10,30.572,31.315
1200.7500,0,0.7425,3.3442e-10,30.6,31.343
1200.8000,0,0.7425,3.3453e-10,30.628,31.371
1200.8500,0,0.7425,3.3463e-10,30.657,31.399
1200.9000,0,0.7425,3.3474e-10,30.685,31.427
1200.9500,0,0.7425,3.3484e-10,30.713,31.456
1201.0000,0,0.7425,3.3494e-10,30.741,31.484
1201.0500,0,0.7425,3.3505e-10,30.77,31.512
1201.1000,0,0.7425,3.3515e-10,30.798,31.54
1201.1500,0,0.7425,3.3525e-10,30.826,31.569
1201.2000,0,0.7425,3.3536e-10,30.854,31.597
1201.2500,0,0.7425,3.3546e-10,30.883,31.625
1201.3000,0,0.7425,3.3556e-10,30.911,31.653
1201.3500,0,0.7425,3.3566e-10,30.939,31.682
1201.4000,0,0.7425,3.3577e-10,30.967,31.71
1201.4500,0,0.7425,3.3587e-10,30.996,31.738
1201.5000,0,0.7425,3.3597e-10,31.024,31.767
1201.5500,0,0.7425,3.3607e-10,31.052,31.795
1201.6000,0,0.7425,3.3617e-10,31.081,31.823
1201.6500,0,0.7425,3.3627e-10,31.109,31.851
1201.7000,0,0.7425,3.3637e-10,31.137,31.88
1201.7500,0,0.7425,3.3647e-10,31.166,31.908
1201.8000,0,0.7425,3.3657e-10,31.194,31.936
1201.8500,0,0.7425,3.3667e-10,31.222,31.965
1201.9000,0,0.7425,3.3677e-10,31.251,31.993
1201.9500,0,0.7425,3.3687e-10,31.279,32.022
1202.0000,0,0.7425,3.3697e-10,31.307,32.05
1202.0500,0,0.7425,3.3707e-10,31.336,32.078
1202.1000,0,0.7425,3.3716e-10,31.364,32.107
1202.1500,0,0.7425,3.3726e-10,31.393,32.135
1202.2000,0,0.7425,3.3736e-10,31.421,32.164
1202.2500,0,0.7425,3.3746e-10,31.449,32.192
1202.3000,0,0.7425,3.3756e-10,31.478,32.22
1202.3500,0,0.7425,3.3765e-10,31.506,32.249
1202.4000,0,0.7425,3.3775e-10,31.535,32.277
1202.4500,0,0.7425,3.3785e-10,31.563,32.306
1202.5000,0,0.7425,3.3794e-10,31.592,32.334
1202.5500,0,0.7425,3.3804e-10,31.62,32.363
1202.6000,0,0.7425,3.3813e-10,31.648,32.391
1202.6500,0,0.7425,3.3823e-10,31.677,32.419
1202.7000,0,0.7425,3.3832e-10,31.705,32.448
1202.7500,0,0.7425,3.3842e-10,31.734,32.476
1202.8000,0,0.7425,3.3851e-10,31.762,32.505
1202.8500,0,0.7425,3.3861e-10,31.791,32.533
1202.9000,0,0.7425,3.387e-10,31.819,32.562
1202.9500,0,0.7425,3.388e-10,31.848,32.59
1203.0000,0,0.7425,3.3889e-10,31.876,32.619
1203.0500,0,0.7425,3.3898e-10,31.905,32.647
1203.1000,0,0.7425,3.3908e-10,31.933,32.676
1203.1500,0,0.7425,3.3917e-10,31.962,32.704
1203.2000,0,0.7425,3.3926e-10,31.99,32.733
1203.2500,0,0.7425,3.3935e-10,32.019,32.761
1203.3000,0,0.7425,3.3945e-10,32.048,32.79
1203.3500,0,0.7425,3.3954e-10,32.076,32.819
1203.4000,0,0.7425,3.3963e-10,32.105,32.847
1203.4500,0,0.7425,3.3972e-10,32.133,32.876
1203.5000,0,0.7425,3.3981e-10,32.162,32.904
1203.5500,0,0.7425,3.399e-10,32.19,32.933
1203.6000,0,0.7425,3.3999e-10,32.219,32.961
1203.6500,0,0.7425,3.4008e-10,32.247,32.99
1203.7000,0,0.7425,3.4017e-10,32.276,33.019
1203.7500,0,0.7425,3.4026e-10,32.305,33.047
1203.8000,0,0.7425,3.4035e-10,32.333,33.076
1203.8500,0,0.7425,3.4044e-10,32.362,33.104
1203.9000,0,0.7425,3.4053e-10,32.39,33.133
1203.9500,0,0.7425,3.4062e-10,32.419,33.162
1204.0000,0,0.7425,3.4071e-10,32.448,33.19
1204.0500,0,0.7425,3.4079e-10,32.476,33.219
1204.1000,0,0.7425,3.4088e-10,32.505,33.248
1204.1500,0,0.7425,3.4097e-10,32.534,33.276
1204.2000,0,0.7425,3.4106e-10,32.562,33.305
1204.2500,0,0.7425,3.4114e-10,32.591,33.333
1204.3000,0,0.7425,3.4123e-10,32.62,33.362
1204.3500,0,0.7425,3.4132e-10,32.648,33.391
1204.4000,0,0.7425,3.414e-10,32.677,33.419
1204.4500,0,0.7425,3.4149e-10,32.706,33.448
1204.5000,0,0.7425,3.4157e-10,32.734,33.477
1204.5500,0,0.7425,3.4166e-10,32.763,33.505
1204.6000,0,0.7425,3.4174e-10,32.792,33.534
1204.6500,0,0.7425,3.4183e-10,32.82,33.563
1204.7000,0,0.7425,3.4191e-10,32.849,33.592
1204.7500,0,0.7425,3.42e-10,32.878,33.62
1204.8000,0,0.7425,3.4208e-10,32.906,33.649
1204.8500,0,0.7425,3.4216e-10,32.935,33.678
1204.9000,0,0.7425,3.4225e-10,32.964,33.706
1204.9500,0,0.7425,3.4233e-10,32.993,33.735
1205.0000,0,0.7425,3.4241e-10,33.021,33.764
1205.0500,0,0.7425,3.425e-10,33.05,33.793
1205.1000,0,0.7425,3.4258e-10,33.079,33.821
1205.1500,0,0.7425,3.4266e-10,33.108,33.85
1205.2000,0,0.7425,3.4274e-10,33.136,33.879
1205.2500,0,0.7425,3.4282e-10,33.165,33.908
1205.3000,0,0.7425,3.4291e-10,33.194,33.936
1205.3500,0,0.7425,3.4299e-10,33.223,33.965
1205.4000,0,0.7425,3.4307e-10,33.251,33.994
1205.4500,0,0.7425,3.4315e-10,33.28,34.023
1205.5000,0,0.7425,3.4323e-10,33.309,34.051
1205.5500,0,0.7425,3.4331e-10,33.338,34.08
1205.6000,0,0.7425,3.4339e-10,33.367,34.109
1205.6500,0,0.7425,3.4347e-10,33.395,34.138
1205.7000,0,0.7425,3.4355e-10,33.424,34.167
1205.7500,0,0.7425,3.4362e-10,33.453,34.195
1205.8000,0,0.7425,3.437e-10,33.482,34.224
1205.8500,0,0.7425,3.4378e-10,33.511,34.253
1205.9000,0,0.7425,3.4386e-10,33.539,34.282
1205.9500,0,0.7425,3.4394e-10,33.568,34.311
1206.0000,0,0.7425,3.4401e-10,33.597,34.34
1206.0500,0,0.7425,3.4409e-10,33.626,34.368
1206.1000,0,0.7425,3.4417e-10,33.655,34.397
1206.1500,0,0.7425,3.4424e-10,33.684,34.426
1206.2000,0,0.7425,3.4432e-10,33.712,34.455
1206.2500,0,0.7425,3.444e-10,33.741,34.484
1206.3000,0,0.7425,3.4447e-10,33.77,34.513
1206.3500,0,0.7425,3.4455e-10,33.799,34.541
1206.4000,0,0.7425,3.4462e-10,33.828,34.57
1206.4500,0,0.7425,3.447e-10,33.857,34.599
1206.5000,0,0.7425,3.4477e-10,33.886,34.628
1206.5500,0,0.7425,3.4485e-10,33.914,34.657
1206.6000,0,0.7425,3.4492e-10,33.943,34.686
1206.6500,0,0.7425,3.4499e-10,33.972,34.715
1206.7000,0,0.7425,3.4507e-10,34.001,34.744
1206.7500,0,0.7425,3.4514e-10,34.03,34.772
1206.8000,0,0.7425,3.4521e-10,34.059,34.801
1206.8500,0,0.7425,3.4528e-10,34.088,34.83
1206.9000,0,0.7425,3.4536e-10,34.117,34.859
1206.9500,0,0.7425,3.4543e-10,34.145,34.888
1207.0000,0,0.7425,3.455e-10,34.174,34.917
1207.0500,0,0.7425,3.4557e-10,34.203,34.946
1207.1000,0,0.7425,3.4564e-10,34.232,34.975
1207.1500,0,0.7425,3.4571e-10,34.261,35.004
1207.2000,0,0.7425,3.4578e-10,34.29,35.033
1207.2500,0,0.7425,3.4585e-10,34.319,35.061
1207.3000,0,0.7425,3.4592e-10,34.348,35.09
1207.3500,0,0.7425,3.4599e-10,34.377,35.119
1207.4000,0,0.7425,3.4606e-10,34.406,35.148
1207.4500,0,0.7425,3.4613e-10,34.435,35.177
1207.5000,0,0.7425,3.462e-10,34.464,35.206
1207.5500,0,0.7425,3.4627e-10,34.493,35.235
1207.6000,0,0.7425,3.4634e-10,34.522,35.264
1207.6500,0,0.7425,3.4641e-10,34.55,35.293
1207.7000,0,0.7425,3.4647e-10,34.579,35.322
1207.7500,0,0.7425,3.4654e-10,34.608,35.351
1207.8000,0,0.7425,3.4661e-10,34.637,35.38
1207.8500,0,0.7425,3.4667e-10,34.666,35.409
1207.9000,0,0.7425,3.4674e-10,34.695,35.438
1207.9500,0,0.7425,3.4681e-10,34.724,35.467
1208.0000,0,0.7425,3.4687e-10,34.753,35.496
1208.0500,0,0.7425,3.4694e-10,34.782,35.525
1208.1000,0,0.7425,3.47e-10,34.811,35.554
1208.1500,0,0.7425,3.4707e-10,34.84,35.583
1208.2000,0,0.7425,3.4713e-10,34.869,35.612
1208.2500,0,0.7425,3.472e-10,34.898,35.641
1208.3000,0,0.7425,3.4726e-10,34.927,35.67
1208.3500,0,0.7425,3.4733e-10,34.956,35.699
1208.4000,0,0.7425,3.4739e-10,34.985,35.728
1208.4500,0,0.7425,3.4745e-10,35.014,35.757
1208.5000,0,0.7425,3.4752e-10,35.043,35.786
1208.5500,0,0.7425,3.4758e-10,35.072,35.815
1208.6000,0,0.7425,3.4764e-10,35.101,35.844
1208.6500,0,0.7425,3.477e-10,35.13,35.873
1208.7000,0,0.7425,3.4776e-10,35.159,35.902
1208.7500,0,0.7425,3.4783e-10,35.188,35.931
1208.8000,0,0.7425,3.4789e-10,35.217,35.96
1208.8500,0,0.7425,3.4795e-10,35.246,35.989
1208.9000,0,0.7425,3.4801e-10,35.275,36.018
1208.9500,0,0.7425,3.4807e-10,35.304,36.047
1209.0000,0,0.7425,3.4813e-10,35.333,36.076
1209.0500,0,0.7425,3.4819e-10,35.362,36.105
1209.1000,0,0.7425,3.4825e-10,35.391,36.134
1209.1500,0,0.7425,3.4831e-10,35.42,36.163
1209.2000,0,0.7425,3.4837e-10,35.449,36.192
1209.2500,0,0.7425,3.4842e-10,35.479,36.221
1209.3000,0,0.7425,3.4848e-10,35.508,36.25
1209.3500,0,0.7425,3.4854e-10,35.537,36.279
1209.4000,0,0.7425,3.486e-10,35.566,36.308
1209.4500,0,0.7425,3.4865e-10,35.595,36.337
1209.5000,0,0.7425,3.4871e-10,35.624,36.366
1209.5500,0,0.7425,3.4877e-10,35.653,36.395
1209.6000,0,0.7425,3.4882e-10,35.682,36.424
1209.6500,0,0.7425,3.4888e-10,35.711,36.453
1209.7000,0,0.7425,3.4894e-10,35.74,36.482
1209.7500,0,0.7425,3.4899e-10,35.769,36.512
1209.8000,0,0.7425,3.4905e-10,35.798,36.541
1209.8500,0,0.7425,3.491e-10,35.827,36.57
1209.9000,0,0.7425,3.4916e-10,35.856,36.599
1209.9500,0,0.7425,3.4921e-10,35.885,36.628
1210.0000,0,0.7425,3.4926e-10,35.914,36.657
1210.0500,0,0.7425,3.4932e-10,35.943,36.686
1210.1000,0,0.7425,3.4937e-10,35.972,36.715
1210.1500,0,0.7425,3.4942e-10,36.002,36.744
1210.2000,0,0.7425,3.4948e-10,36.031,36.773
1210.2500,0,0.7425,3.4953e-10,36.06,36.802
1210.3000,0,0.7425,3.4958e-10,36.089,36.831
1210.3500,0,0.7425,3.4963e-10,36.118,36.86
1210.4000,0,0.7425,3.4969e-10,36.147,36.889
1210.4500,0,0.7425,3.4974e-10,36.176,36.919
1210.5000,0,0.7425,3.4979e-10,36.205,36.948
1210.5500,0,0.7425,3.4984e-10,36.234,36.977
1210.6000,0,0.7425,3.4989e-10,36.263,37.006
1210.6500,0,0.7425,3.4994e-10,36.292,37.035
1210.7000,0,0.7425,3.4999e-10,36.322,37.064
1210.7500,0,0.7425,3.5004e-10,36.351,37.093
1210.8000,0,0.7425,3.5009e-10,36.38,37.122
1210.8500,0,0.7425,3.5014e-10,36.409,37.151
1210.9000,0,0.7425,3.5018e-10,36.438,37.18
1210.9500,0,0.7425,3.5023e-10,36.467,37.209
1211.0000,0,0.7425,3.5028e-10,36.496,37.239
1211.0500,0,0.7425,3.5033e-10,36.525,37.268
1211.1000,0,0.7425,3.5038e-10,36.554,37.297
1211.1500,0,0.7425,3.5042e-10,36.583,37.326
1211.2000,0,0.7425,3.5047e-10,36.612,37.355
1211.2500,0,0.7425,3.5052e-10,36.642,37.384
1211.3000,0,0.7425,3.5056e-10,36.671,37.413
1211.3500,0,0.7425,3.5061e-10,36.7,37.442
1211.4000,0,0.7425,3.5065e-10,36.729,37.471
1211.4500,0,0.7425,3.507e-10,36.758,37.501
1211.5000,0,0.7425,3.5074e-10,36.787,37.53
1211.5500,0,0.7425,3.5079e-10,36.816,37.559
1211.6000,0,0.7425,3.5083e-10,36.845,37.588
1211.6500,0,0.7425,3.5087e-10,36.874,37.617
1211.7000,0,0.7425,3.5092e-10,36.904,37.646
1211.7500,0,0.7425,3.5096e-10,36.933,37.675
1211.8000,0,0.7425,3.51e-10,36.962,37.704
1211.8500,0,0.7425,3.5105e-10,36.991,37.733
1211.9000,0,0.7425,3.5109e-10,37.02,37.762
1211.9500,0,0.7425,3.5113e-10,37.049,37.792
1212.0000,0,0.7425,3.5117e-10,37.078,37.821
1212.0500,0,0.7425,3.5121e-10,37.107,37.85
1212.1000,0,0.7425,3.5126e-10,37.136,37.879
1212.1500,0,0.7425,3.513e-10,37.166,37.908
1212.2000,0,0.7425,3.5134e-10,37.195,37.937
1212.2500,0,0.7425,3.5138e-10,37.224,37.966
1212.3000,0,0.7425,3.5142e-10,37.253,37.995
1212.3500,0,0.7425,3.5146e-10,37.282,38.025
1212.4000,0,0.7425,3.5149e-10,37.311,38.054
1212.4500,0,0.7425,3.5153e-10,37.34,38.083
1212.5000,0,0.7425,3.5157e-10,37.369,38.112
1212.5500,0,0.7425,3.5161e-10,37.398,38.141
1212.6000,0,0.7425,3.5165e-10,37.428,38.17
1212.6500,0,0.7425,3.5169e-10,37.457,38.199
1212.7000,0,0.7425,3.5172e-10,37.486,38.228
1212.7500,0,0.7425,3.5176e-10,37.515,38.257
1212.8000,0,0.7425,3.518e-10,37.544,38.287
1212.8500,0,0.7425,3.5183e-10,37.573,38.316
1212.9000,0,0.7425,3.5187e-10,37.602,38.345
1212.9500,0,0.7425,3.5191e-10,37.631,38.374
1213.0000,0,0.7425,3.5194e-10,37.661,38.403
1213.0500,0,0.7425,3.5198e-10,37.69,38.432
1213.1000,0,0.7425,3.5201e-10,37.719,38.461
1213.1500,0,0.7425,3.5205e-10,37.748,38.49
1213.2000,0,0.7425,3.5208e-10,37.777,38.519
1213.2500,0,0.7425,3.5211e-10,37.806,38.549
1213.3000,0,0.7425,3.5215e-10,37.835,38.578
1213.3500,0,0.7425,3.5218e-10,37.864,38.607
1213.4000,0,0.7425,3.5221e-10,37.893,38.636
1213.4500,0,0.7425,3.5225e-10,37.923,38.665
1213.5000,0,0.7425,3.5228e-10,37.952,38.694
1213.5500,0,0.7425,3.5231e-10,37.981,38.723
1213.6000,0,0.7425,3.5234e-10,38.01,38.752
1213.6500,0,0.7425,3.5237e-10,38.039,38.781
1213.7000,0,0.7425,3.524e-10,38.068,38.811
1213.7500,0,0.7425,3.5243e-10,38.097,38.84
1213.8000,0,0.7425,3.5246e-10,38.126,38.869
1213.8500,0,0.7425,3.5249e-10,38.155,38.898
1213.9000,0,0.7425,3.5252e-10,38.185,38.927
1213.9500,0,0.7425,3.5255e-10,38.214,38.956
1214.0000,0,0.7425,3.5258e-10,38.243,38.985
1214.0500,0,0.7425,3.5261e-10,38.272,39.014
1214.1000,0,0.7425,3.5264e-10,38.301,39.043
1214.1500,0,0.7425,3.5267e-10,38.33,39.073
1214.2000,0,0.7425,3.527e-10,38.359,39.102
1214.2500,0,0.7425,3.5272e-10,38.388,39.131
1214.3000,0,0.7425,3.5275e-10,38.417,39.16
1214.3500,0,0.7425,3.5278e-10,38.446,39.189
1214.4000,0,0.7425,3.528e-10,38.475,39.218
1214.4500,0,0.7425,3.5283e-10,38.505,39.247
1214.5000,0,0.7425,3.5286e-10,38.534,39.276
1214.5500,0,0.7425,3.5288e-10,38.563,39.305
1214.6000,0,0.7425,3.5291e-10,38.592,39.334
1214.6500,0,0.7425,3.5293e-10,38.621,39.363
1214.7000,0,0.7425,3.5296e-10,38.65,39.393
1214.7500,0,0.7425,3.5298e-10,38.679,39.422
1214.8000,0,0.7425,3.53e-10,38.708,39.451
1214.8500,0,0.7425,3.5303e-10,38.737,39.48
1214.9000,0,0.7425,3.5305e-10,38.766,39.509
1214.9500,0,0.7425,3.5307e-10,38.795,39.538
1215.0000,0,0.7425,3.531e-10,38.825,39.567
1215.0500,0,0.7425,3.5312e-10,38.854,39.596
1215.1000,0,0.7425,3.5314e-10,38.883,39.625
1215.1500,0,0.7425,3.5316e-10,38.912,39.654
1215.2000,0,0.7425,3.5318e-10,38.941,39.683
1215.2500,0,0.7425,3.532e-10,38.97,39.712
1215.3000,0,0.7425,3.5323e-10,38.999,39.741
1215.3500,0,0.7425,3.5325e-10,39.028,39.77
1215.4000,0,0.7425,3.5327e-10,39.057,39.8
1215.4500,0,0.7425,3.5329e-10,39.086,39.829
1215.5000,0,0.7425,3.5526e-10,39.115,39.858
1215.5500,0,0.7425,7.1217e-05,39.144,39.887
1215.6000,0,0.7425,0.7084,39.173,40.624
1215.6500,0,0.7425,11.797,39.202,51.742
1215.7000,0,0.7425,53.291,39.231,93.265
1215.7500,0,0.7425,51.723,39.26,91.726
1215.8000,0,0.7425,9.9671,39.289,49.999
1215.8500,0,0.7425,0.44668,39.319,40.508
1215.9000,0,0.7425,2.3581e-05,39.348,40.09
1215.9500,0,0.7425,3.5379e-10,39.377,40.119
1216.0000,0,0.7425,3.5348e-10,39.406,40.148
1216.0500,0,0.7425,3.535e-10,39.435,40.177
1216.1000,0,0.7425,3.5351e-10,39.464,40.206
1216.1500,0,0.7425,3.5353e-10,39.493,40.235
1216.2000,0,0.7425,3.5354e-10,39.522,40.264
1216.2500,0,0.7425,3.5356e-10,39.551,40.293
1216.3000,0,0.7425,3.5357e-10,39.58,40.322
1216.3500,0,0.7425,3.5359e-10,39.609,40.351
1216.4000,0,0.7425,3.536e-10,39.638,40.38
1216.4500,0,0.7425,3.5361e-10,39.667,40.409
1216.5000,0,0.7425,3.5362e-10,39.696,40.438
1216.5500,0,0.7425,3.5364e-10,39.725,40.467
1216.6000,0,0.7425,3.5365e-10,39.754,40.496
1216.6500,0,0.7425,3.5366e-10,39.783,40.525
1216.7000,0,0.7425,3.5367e-10,39.812,40.554
1216.7500,0,0.7425,3.5368e-10,39.841,40.583
1216.8000,0,0.7425,3.5369e-10,39.87,40.612
1216.8500,0,0.7425,3.537e-10,39.899,40.641
1216.9000,0,0.7425,3.5371e-10,39.928,40.67
1216.9500,0,0.7425,3.5372e-10,39.957,40.699
1217.0000,0,0.7425,3.5373e-10,39.986,40.728
1217.0500,0,0.7425,3.5374e-10,40.015,40.757
1217.1000,0,0.7425,3.5375e-10,40.044,40.786
1217.1500,0,0.7425,3.5376e-10,40.073,40.815
1217.2000,0,0.7425,3.5377e-10,40.102,40.844
1217.2500,0,0.7425,3.5378e-10,40.131,40.873
1217.3000,0,0.7425,3.5378e-10,40.16,40.902
1217.3500,0,0.7425,3.5379e-10,40.189,40.931
1217.4000,0,0.7425,3.538e-10,40.218,40.96
1217.4500,0,0.7425,3.538e-10,40.246,40.989
1217.5000,0,0.7425,3.5381e-10,40.275,41.018
1217.5500,0,0.7425,3.5382e-10,40.304,41.047
1217.6000,0,0.7425,3.5382e-10,40.333,41.076
1217.6500,0,0.7425,3.5383e-10,40.362,41.105
1217.7000,0,0.7425,3.5383e-10,40.391,41.134
1217.7500,0,0.7425,3.5384e-10,40.42,41.163
1217.8000,0,0.7425,3.5384e-10,40.449,41.192
1217.8500,0,0.7425,3.5384e-10,40.478,41.22
1217.9000,0,0.7425,3.5385e-10,40.507,41.249
1217.9500,0,0.7425,3.5385e-10,40.536,41.278
1218.0000,0,0.7425,3.5385e-10,40.565,41.307
1218.0500,0,0.7425,3.5386e-10,40.594,41.336
1218.1000,0,0.7425,3.5386e-10,40.623,41.365
1218.1500,0,0.7425,3.5386e-10,40.651,41.394
1218.2000,0,0.7425,3.5386e-10,40.68,41.423
1218.2500,0,0.7425,3.5386e-10,40.709,41.452
1218.3000,0,0.7425,3.5386e-10,40.738,41.481
1218.3500,0,0.7425,3.5387e-10,40.767,41.509
1218.4000,0,0.7425,3.5387e-10,40.796,41.538
1218.4500,0,0.7425,3.5387e-10,40.825,41.567
1218.5000,0,0.7425,3.5387e-10,40.854,41.596
1218.5500,0,0.7425,3.5386e-10,40.882,41.625
1218.6000,0,0.7425,3.5386e-10,40.911,41.654
1218.6500,0,0.7425,3.5386e-10,40.94,41.683
1218.7000,0,0.7425,3.5386e-10,40.969,41.712
1218.7500,0,0.7425,3.5386e-10,40.998,41.74
1218.8000,0,0.7425,3.5386e-10,41.027,41.769
1218.8500,0,0.7425,3.5385e-10,41.056,41.798
1218.9000,0,0.7425,3.5385e-10,41.084,41.827
1218.9500,0,0.7425,3.5385e-10,41.113,41.856
1219.0000,0,0.7425,3.5384e-10,41.142,41.885
1219.0500,0,0.7425,3.5384e-10,41.171,41.913
1219.1000,0,0.7425,3.5383e-10,41.2,41.942
1219.1500,0,0.7425,3.5383e-10,41.229,41.971
1219.2000,0,0.7425,3.5382e-10,41.257,42
1219.2500,0,0.7425,3.5382e-10,41.286,42.029
1219.3000,0,0.7425,3.5381e-10,41.315,42.057
1219.3500,0,0.7425,3.5381e-10,41.344,42.086
1219.4000,0,0.7425,3.538e-10,41.373,42.115
1219.4500,0,0.7425,3.5379e-10,41.401,42.144
1219.5000,0,0.7425,3.5379e-10,41.43,42.173
1219.5500,0,0.7425,3.5378e-10,41.459,42.201
1219.6000,0,0.7425,3.5377e-10,41.488,42.23
1219.6500,0,0.7425,3.5376e-10,41.516,42.259
1219.7000,0,0.7425,3.5375e-10,41.545,42.288
1219.7500,0,0.7425,3.5374e-10,41.574,42.317
1219.8000,0,0.7425,3.5374e-10,41.603,42.345
1219.8500,0,0.7425,3.5373e-10,41.631,42.374
1219.9000,0,0.7425,3.5372e-10,41.66,42.403
1219.9500,0,0.7425,3.5371e-10,41.689,42.431
1220.0000,0,0.7425,3.537e-10,41.718,42.46
1220.0500,0,0.7425,3.5369e-10,41.746,42.489
1220.1000,0,0.7425,3.5368e-10,41.775,42.518
1220.1500,0,0.7425,3.5366e-10,41.804,42.546
1220.2000,0,0.7425,3.5365e-10,41.833,42.575
1220.2500,0,0.7425,3.5364e-10,41.861,42.604
1220.3000,0,0.7425,3.5363e-10,41.89,42.632
1220.3500,0,0.7425,3.5362e-10,41.919,42.661
1220.4000,0,0.7425,3.5361e-10,41.947,42.69
1220.4500,0,0.7425,3.5359e-10,41.976,42.719
1220.5000,0,0.7425,3.5358e-10,42.005,42.747
1220.5500,0,0.7425,3.5357e-10,42.033,42.776
1220.6000,0,0.7425,3.5356e-10,42.062,42.805
1220.6500,0,0.7425,3.5354e-10,42.091,42.833
1220.7000,0,0.7425,3.5353e-10,42.119,42.862
1220.7500,0,0.7425,3.5351e-10,42.148,42.891
1220.8000,0,0.7425,3.535e-10,42.177,42.919
1220.8500,0,0.7425,3.5348e-10,42.205,42.948
1220.9000,0,0.7425,3.5347e-10,42.234,42.976
1220.9500,0,0.7425,3.5345e-10,42.263,43.005
1221.0000,0,0.7425,3.5344e-10,42.291,43.034
1221.0500,0,0.7425,3.5342e-10,42.32,43.062
1221.1000,0,0.7425,3.534e-10,42.348,43.091
1221.1500,0,0.7425,3.5338e-10,42.377,43.119
1221.2000,0,0.7425,3.5337e-10,42.406,43.148
1221.2500,0,0.7425,3.5335e-10,42.434,43.177
1221.3000,0,0.7425,3.5333e-10,42.463,43.205
1221.3500,0,0.7425,3.5331e-10,42.491,43.234
1221.4000,0,0.7425,3.5329e-10,42.52,43.262
1221.4500,0,0.7425,3.5327e-10,42.548,43.291
1221.5000,0,0.7425,3.5325e-10,42.577,43.32
1221.5500,0,0.7425,3.5323e-10,42.606,43.348
1221.6000,0,0.7425,3.5321e-10,42.634,43.377
1221.6500,0,0.7425,3.5319e-10,42.663,43.405
1221.7000,0,0.7425,3.5317e-10,42.691,43.434
1221.7500,0,0.7425,3.5315e-10,42.72,43.462
1221.8000,0,0.7425,3.5313e-10,42.748,43.491
1221.8500,0,0.7425,3.5311e-10,42.777,43.519
1221.9000,0,0.7425,3.5309e-10,42.805,43.548
1221.9500,0,0.7425,3.5306e-10,42.834,43.576
1222.0000,0,0.7425,3.5304e-10,42.862,43.605
1222.0500,0,0.7425,3.5302e-10,42.891,43.633
1222.1000,0,0.7425,3.5299e-10,42.919,43.662
1222.1500,0,0.7425,3.5297e-10,42.948,43.69
1222.2000,0,0.7425,3.5294e-10,42.976,43.719
1222.2500,0,0.7425,3.5292e-10,43.005,43.747
1222.3000,0,0.7425,3.529e-10,43.033,43.776
1222.3500,0,0.7425,3.5287e-10,43.061,43.804
1222.4000,0,0.7425,3.5284e-10,43.09,43.832
1222.4500,0,0.7425,3.5282e-10,43.118,43.861
1222.5000,0,0.7425,3.5279e-10,43.147,43.889
1222.5500,0,0.7425,3.5276e-10,43.175,43.918
1222.6000,0,0.7425,3.5274e-10,43.204,43.946
1222.6500,0,0.7425,3.5271e-10,43.232,43.974
1222.7000,0,0.7425,3.5268e-10,43.26,44.003
1222.7500,0,0.7425,3.5265e-10,43.289,44.031
1222.8000,0,0.7425,3.5263e-10,43.317,44.06
1222.8500,0,0.7425,3.526e-10,43.345,44.088
1222.9000,0,0.7425,3.5257e-10,43.374,44.116
1222.9500,0,0.7425,3.5254e-10,43.402,44.145
1223.0000,0,0.7425,3.5251e-10,43.431,44.173
1223.0500,0,0.7425,3.5248e-10,43.459,44.201
1223.1000,0,0.7425,3.5245e-10,43.487,44.23
1223.1500,0,0.7425,3.5242e-10,43.516,44.258
1223.2000,0,0.7425,3.5239e-10,43.544,44.286
1223.2500,0,0.7425,3.5235e-10,43.572,44.315
1223.3000,0,0.7425,3.5232e-10,43.6,44.343
1223.3500,0,0.7425,3.5229e-10,43.629,44.371
1223.4000,0,0.7425,3.5226e-10,43.657,44.4
1223.4500,0,0.7425,3.5222e-10,43.685,44.428
1223.5000,0,0.7425,3.5219e-10,43.714,44.456
1223.5500,0,0.7425,3.5216e-10,43.742,44.484
1223.6000,0,0.7425,3.5212e-10,43.77,44.513
1223.6500,0,0.7425,3.5209e-10,43.798,44.541
1223.7000,0,0.7425,3.5205e-10,43.827,44.569
1223.7500,0,0.7425,3.5202e-10,43.855,44.597
1223.8000,0,0.7425,3.5198e-10,43.883,44.626
1223.8500,0,0.7425,3.5195e-10,43.911,44.654
1223.9000,0,0.7425,3.5191e-10,43.939,44.682
1223.9500,0,0.7425,3.5188e-10,43.968,44.71
1224.0000,0,0.7425,3.5184e-10,43.996,44.738
1224.0500,0,0.7425,3.518e-10,44.024,44.767
1224.1000,0,0.7425,3.5177e-10,44.052,44.795
1224.1500,0,0.7425,3.5173e-10,44.08,44.823
1224.2000,0,0.7425,3.5169e-10,44.109,44.851
1224.2500,0,0.7425,3.5165e-10,44.137,44.879
1224.3000,0,0.7425,3.5161e-10,44.165,44.907
1224.3500,0,0.7425,3.5157e-10,44.193,44.935
1224.4000,0,0.7425,3.5153e-10,44.221,44.964
1224.4500,0,0.7425,3.5149e-10,44.249,44.992
1224.5000,0,0.7425,3.5145e-10,44.277,45.02
1224.5500,0,0.7425,3.5141e-10,44.305,45.048
1224.6000,0,0.7425,3.5137e-10,44.334,45.076
1224.6500,0,0.7425,3.5133e-10,44.362,45.104
1224.7000,0,0.7425,3.5129e-10,44.39,45.132
1224.7500,0,0.7425,3.5125e-10,44.418,45.16
1224.8000,0,0.7425,3.5121e-10,44.446,45.188
1224.8500,0,0.7425,3.5116e-10,44.474,45.216
1224.9000,0,0.7425,3.5112e-10,44.502,45.244
1224.9500,0,0.7425,3.5108e-10,44.53,45.272
1225.0000,0,0.7425,3.5103e-10,44.558,45.3
1225.0500,0,0.7425,3.5099e-10,44.586,45.328
1225.1000,0,0.7425,3.5095e-10,44.614,45.356
1225.1500,0,0.7425,3.509e-10,44.642,45.384
1225.2000,0,0.7425,3.5086e-10,44.67,45.412
1225.2500,0,0.7425,3.5081e-10,44.698,45.44
1225.3000,0,0.7425,3.5076e-10,44.726,45.468
1225.3500,0,0.7425,3.5072e-10,44.754,45.496
1225.4000,0,0.7425,3.5067e-10,44.782,45.524
1225.4500,0,0.7425,3.5063e-10,44.81,45.552
1225.5000,0,0.7425,3.5058e-10,44.838,45.58
1225.5500,0,0.7425,3.5053e-10,44.866,45.608
1225.6000,0,0.7425,3.5048e-10,44.893,45.636
1225.6500,0,0.7425,3.5044e-10,44.921,45.664
1225.7000,0,0.7425,3.5039e-10,44.949,45.692
1225.7500,0,0.7425,3.5034e-10,44.977,45.72
1225.8000,0,0.7425,3.5029e-10,45.005,45.747
1225.8500,0,0.7425,3.5024e-10,45.033,45.775
1225.9000,0,0.7425,3.5019e-10,45.061,45.803
1225.9500,0,0.7425,3.5014e-10,45.089,45.831
1226.0000,0,0.7425,3.5009e-10,45.116,45.859
1226.0500,0,0.7425,3.5004e-10,45.144,45.887
1226.1000,0,0.7425,3.4999e-10,45.172,45.914
1226.1500,0,0.7425,3.4994e-10,45.2,45.942
1226.2000,0,0.7425,3.4988e-10,45.228,45.97
1226.2500,0,0.7425,3.4983e-10,45.255,45.998
1226.3000,0,0.7425,3.4978e-10,45.283,46.026
1226.3500,0,0.7425,3.4973e-10,45.311,46.053
1226.4000,0,0.7425,3.4967e-10,45.339,46.081
1226.4500,0,0.7425,3.4962e-10,45.366,46.109
1226.5000,0,0.7425,3.4957e-10,45.394,46.137
1226.5500,0,0.7425,3.4951e-10,45.422,46.164
1226.6000,0,0.7425,3.4946e-10,45.449,46.192
1226.6500,0,0.7425,3.494e-10,45.477,46.22
1226.7000,0,0.7425,3.4935e-10,45.505,46.247
1226.7500,0,0.7425,3.4929e-10,45.533,46.275
1226.8000,0,0.7425,3.4923e-10,45.56,46.303
1226.8500,0,0.7425,3.4918e-10,45.588,46.33
1226.9000,0,0.7425,3.4912e-10,45.616,46.358
1226.9500,0,0.7425,3.4906e-10,45.643,46.386
1227.0000,0,0.7425,3.4901e-10,45.671,46.413
1227.0500,0,0.7425,3.4895e-10,45.698,46.441
1227.1000,0,0.7425,3.4889e-10,45.726,46.469
1227.1500,0,0.7425,3.4883e-10,45.754,46.496
1227.2000,0,0.7425,3.4877e-10,45.781,46.524
1227.2500,0,0.7425,3.4871e-10,45.809,46.551
1227.3000,0,0.7425,3.4866e-10,45.836,46.579
1227.3500,0,0.7425,3.486e-10,45.864,46.606
1227.4000,0,0.7425,3.4853e-10,45.891,46.634
1227.4500,0,0.7425,3.4847e-10,45.919,46.661
1227.5000,0,0.7425,3.4841e-10,45.947,46.689
1227.5500,0,0.7425,3.4835e-10,45.974,46.716
1227.6000,0,0.7425,3.4829e-10,46.001,46.744
1227.6500,0,0.7425,3.4823e-10,46.029,46.771
1227.7000,0,0.7425,3.4817e-10,46.056,46.799
1227.7500,0,0.7425,3.481e-10,46.084,46.826
1227.8000,0,0.7425,3.4804e-10,46.111,46.854
1227.8500,0,0.7425,3.4798e-10,46.139,46.881
1227.9000,0,0.7425,3.4791e-10,46.166,46.909
1227.9500,0,0.7425,3.4785e-10,46.194,46.936
1228.0000,0,0.7425,3.4779e-10,46.221,46.964
1228.0500,0,0.7425,3.4772e-10,46.248,46.991
1228.1000,0,0.7425,3.4766e-10,46.276,47.018
1228.1500,0,0.7425,3.4759e-10,46.303,47.046
1228.2000,0,0.7425,3.4753e-10,46.331,47.073
1228.2500,0,0.7425,3.4746e-10,46.358,47.1
1228.3000,0,0.7425,3.4739e-10,46.385,47.128
1228.3500,0,0.7425,3.4733e-10,46.413,47.155
1228.4000,0,0.7425,3.4726e-10,46.44,47.182
1228.4500,0,0.7425,3.4719e-10,46.467,47.21
1228.5000,0,0.7425,3.4712e-10,46.494,47.237
1228.5500,0,0.7425,3.4706e-10,46.522,47.264
1228.6000,0,0.7425,3.4699e-10,46.549,47.291
1228.6500,0,0.7425,3.4692e-10,46.576,47.319
1228.7000,0,0.7425,3.4685e-10,46.603,47.346
1228.7500,0,0.7425,3.4678e-10,46.631,47.373
1228.8000,0,0.7425,3.4671e-10,46.658,47.4
1228.8500,0,0.7425,3.4664e-10,46.685,47.428
1228.9000,0,0.7425,3.4657e-10,46.712,47.455
1228.9500,0,0.7425,3.465e-10,46.74,47.482
1229.0000,0,0.7425,3.4643e-10,46.767,47.509
1229.0500,0,0.7425,3.4636e-10,46.794,47.536
1229.1000,0,0.7425,3.4628e-10,46.821,47.563
1229.1500,0,0.7425,3.4621e-10,46.848,47.591
1229.2000,0,0.7425,3.4614e-10,46.875,47.618
1229.2500,0,0.7425,3.4607e-10,46.902,47.645
1229.3000,0,0.7425,3.4599e-10,46.929,47.672
1229.3500,0,0.7425,3.4592e-10,46.957,47.699
1229.4000,0,0.7425,3.4584e-10,46.984,47.726
1229.4500,0,0.7425,3.4577e-10,47.011,47.753
1229.5000,0,0.7425,3.4569e-10,47.038,47.78
1229.5500,0,0.7425,3.4562e-10,47.065,47.807
1229.6000,0,0.7425,3.4554e-10,47.092,47.834
1229.6500,0,0.7425,3.4547e-10,47.119,47.861
1229.7000,0,0.7425,3.4539e-10,47.146,47.888
1229.7500,0,0.7425,3.4532e-10,47.173,47.915
1229.8000,0,0.7425,3.4524e-10,47.2,47.942
1229.8500,0,0.7425,3.4516e-10,47.227,47.969
1229.9000,0,0.7425,3.4508e-10,47.254,47.996
1229.9500,0,0.7425,3.4501e-10,47.281,48.023
1230.0000,0,0.7425,3.4493e-10,47.308,48.05
1230.0500,0,0.7425,3.4485e-10,47.334,48.077
1230.1000,0,0.7425,3.4477e-10,47.361,48.104
1230.1500,0,0.7425,3.4469e-10,47.388,48.131
1230.2000,0,0.7425,3.4461e-10,47.415,48.158
1230.2500,0,0.7425,3.4453e-10,47.442,48.184
1230.3000,0,0.7425,3.4445e-10,47.469,48.211
1230.3500,0,0.7425,3.4437e-10,47.496,48.238
1230.4000,0,0.7425,3.4429e-10,47.522,48.265
1230.4500,0,0.7425,3.4421e-10,47.549,48.292
1230.5000,0,0.7425,3.4413e-10,47.576,48.319
1230.5500,0,0.7425,3.4405e-10,47.603,48.345
1230.6000,0,0.7425,3.4396e-10,47.629,48.372
1230.6500,0,0.7425,3.4388e-10,47.656,48.399
1230.7000,0,0.7425,3.438e-10,47.683,48.426
1230.7500,0,0.7425,3.4371e-10,47.71,48.452
1230.8000,0,0.7425,3.4363e-10,47.736,48.479
1230.8500,0,0.7425,3.4355e-10,47.763,48.506
1230.9000,0,0.7425,3.4346e-10,47.79,48.532
1230.9500,0,0.7425,3.4338e-10,47.817,48.559
1231.0000,0,0.7425,3.4329e-10,47.843,48.586
1231.0500,0,0.7425,3.4321e-10,47.87,48.612
1231.1000,0,0.7425,3.4312e-10,47.896,48.639
1231.1500,0,0.7425,3.4304e-10,47.923,48.666
1231.2000,0,0.7425,3.4295e-10,47.95,48.692
1231.2500,0,0.7425,3.4286e-10,47.976,48.719
1231.3000,0,0.7425,3.4278e-10,48.003,48.745
1231.3500,0,0.7425,3.4269e-10,48.029,48.772
1231.4000,0,0.7425,3.426e-10,48.056,48.798
1231.4500,0,0.7425,3.4251e-10,48.083,48.825
1231.5000,0,0.7425,3.4242e-10,48.109,48.852
1231.5500,0,0.7425,3.4233e-10,48.136,48.878
1231.6000,0,0.7425,3.4225e-10,48.162,48.905
1231.6500,0,0.7425,3.4216e-10,48.189,48.931
1231.7000,0,0.7425,3.4207e-10,48.215,48.958
1231.7500,0,0.7425,3.4198e-10,48.242,48.984
1231.8000,0,0.7425,3.4189e-10,48.268,49.01
1231.8500,0,0.7425,3.418e-10,48.294,49.037
1231.9000,0,0.7425,3.417e-10,48.321,49.063
1231.9500,0,0.7425,3.4161e-10,48.347,49.09
1232.0000,0,0.7425,3.4152e-10,48.374,49.116
1232.0500,0,0.7425,3.4143e-10,48.4,49.142
1232.1000,0,0.7425,3.4134e-10,48.426,49.169
1232.1500,0,0.7425,3.4124e-10,48.453,49.195
1232.2000,0,0.7425,3.4115e-10,48.479,49.222
1232.2500,0,0.7425,3.4106e-10,48.505,49.248
1232.3000,0,0.7425,3.4096e-10,48.532,49.274
1232.3500,0,0.7425,3.4087e-10,48.558,49.3
1232.4000,0,0.7425,3.4077e-10,48.584,49.327
1232.4500,0,0.7425,3.4068e-10,48.611,49.353
1232.5000,0,0.7425,3.4058e-10,48.637,49.379
1232.5500,0,0.7425,3.4049e-10,48.663,49.406
1232.6000,0,0.7425,3.4039e-10,48.689,49.432
1232.6500,0,0.7425,3.403e-10,48.715,49.458
1232.7000,0,0.7425,3.402e-10,48.742,49.484
1232.7500,0,0.7425,3.401e-10,48.768,49.51
1232.8000,0,0.7425,3.4001e-10,48.794,49.537
1232.8500,0,0.7425,3.3991e-10,48.82,49.563
1232.9000,0,0.7425,3.3981e-10,48.846,49.589
1232.9500,0,0.7425,3.3971e-10,48.873,49.615
1233.0000,0,0.7425,3.3961e-10,48.899,49.641
1233.0500,0,0.7425,3.3952e-10,48.925,49.667
1233.1000,0,0.7425,3.3942e-10,48.951,49.693
1233.1500,0,0.7425,3.3932e-10,48.977,49.719
1233.2000,0,0.7425,3.3922e-10,49.003,49.746
1233.2500,0,0.7425,3.3912e-10,49.029,49.772
1233.3000,0,0.7425,3.3902e-10,49.055,49.798
1233.3500,0,0.7425,3.3892e-10,49.081,49.824
1233.4000,0,0.7425,3.3881e-10,49.107,49.85
1233.4500,0,0.7425,3.3871e-10,49.133,49.876
1233.5000,0,0.7425,3.3861e-10,49.159,49.902
1233.5500,0,0.7425,3.3851e-10,49.185,49.928
1233.6000,0,0.7425,3.3841e-10,49.211,49.954
1233.6500,0,0.7425,3.383e-10,49.237,49.98
1233.7000,0,0.7425,3.382e-10,49.263,50.005
1233.7500,0,0.7425,3.381e-10,49.289,50.031
1233.8000,0,0.7425,3.3799e-10,49.315,50.057
1233.8500,0,0.7425,3.3789e-10,49.341,50.083
1233.9000,0,0.7425,3.3778e-10,49.367,50.109
1233.9500,0,0.7425,3.3768e-10,49.392,50.135
1234.0000,0,0.7425,3.3758e-10,49.418,50.161
1234.0500,0,0.7425,3.3747e-10,49.444,50.187
1234.1000,0,0.7425,3.3736e-10,49.47,50.212
1234.1500,0,0.7425,3.3726e-10,49.496,50.238
1234.2000,0,0.7425,3.3715e-10,49.522,50.264
1234.2500,0,0.7425,3.3704e-10,49.547,50.29
1234.3000,0,0.7425,3.3694e-10,49.573,50.316
1234.3500,0,0.7425,3.3683e-10,49.599,50.341
1234.4000,0,0.7425,3.3672e-10,49.625,50.367
1234.4500,0,0.7425,3.3661e-10,49.65,50.393
1234.5000,0,0.7425,3.3651e-10,49.676,50.419
1234.5500,0,0.7425,3.364e-10,49.702,50.444
1234.6000,0,0.7425,3.3629e-10,49.727,50.47
1234.6500,0,0.7425,3.3618e-10,49.753,50.496
1234.7000,0,0.7425,3.3607e-10,49.779,50.521
1234.7500,0,0.7425,3.3596e-10,49.804,50.547
1234.8000,0,0.7425,3.3585e-10,49.83,50.572
1234.8500,0,0.7425,3.3574e-10,49.856,50.598
1234.9000,0,0.7425,3.3563e-10,49.881,50.624
1234.9500,0,0.7425,3.3552e-10,49.907,50.649
1235.0000,0,0.7425,3.354e-10,49.932,50.675
1235.0500,0,0.7425,3.3529e-10,49.958,50.7
1235.1000,0,0.7425,3.3518e-10,49.983,50.726
1235.1500,0,0.7425,3.3507e-10,50.009,50.751
1235.2000,0,0.7425,3.3496e-10,50.034,50.777
1235.2500,0,0.7425,3.3484e-10,50.06,50.802
1235.3000,0,0.7425,3.3473e-10,50.085,50.828
1235.3500,0,0.7425,3.3461e-10,50.111,50.853
1235.4000,0,0.7425,3.345e-10,50.136,50.879
1235.4500,0,0.7425,3.3439e-10,50.162,50.904
1235.5000,0,0.7425,3.3427e-10,50.187,50.93
1235.5500,0,0.7425,3.3416e-10,50.213,50.955
1235.6000,0,0.7425,3.3404e-10,50.238,50.981
1235.6500,0,0.7425,3.3392e-10,50.263,51.006
1235.7000,0,0.7425,3.3381e-10,50.289,51.031
1235.7500,0,0.7425,3.3369e-10,50.314,51.057
1235.8000,0,0.7425,3.3358e-10,50.339,51.082
1235.8500,0,0.7425,3.3346e-10,50.365,51.107
1235.9000,0,0.7425,3.3334e-10,50.39,51.133
1235.9500,0,0.7425,3.3322e-10,50.415,51.158
1236.0000,0,0.7425,3.3311e-10,50.441,51.183
1236.0500,0,0.7425,3.3299e-10,50.466,51.208
1236.1000,0,0.7425,3.3287e-10,50.491,51.234
1236.1500,0,0.7425,3.3275e-10,50.516,51.259
1236.2000,0,0.7425,3.3263e-10,50.542,51.284
1236.2500,0,0.7425,3.3251e-10,50.567,51.309
1236.3000,0,0.7425,3.3239e-10,50.592,51.335
1236.3500,0,0.7425,3.3227e-10,50.617,51.36
1236.4000,0,0.7425,3.3215e-10,50.642,51.385
1236.4500,0,0.7425,3.3203e-10,50.668,51.41
1236.5000,0,0.7425,3.3191e-10,50.693,51.435
1236.5500,0,0.7425,3.3179e-10,50.718,51.46
1236.6000,0,0.7425,3.3166e-10,50.743,51.485
1236.6500,0,0.7425,3.3154e-10,50.768,51.51
1236.7000,0,0.7425,3.3142e-10,50.793,51.536
1236.7500,0,0.7425,3.313e-10,50.818,51.561
1236.8000,0,0.7425,3.3117e-10,50.843,51.586
1236.8500,0,0.7425,3.3105e-10,50.868,51.611
1236.9000,0,0.7425,3.3093e-10,50.893,51.636
1236.9500,0,0.7425,3.308e-10,50.918,51.661
1237.0000,0,0.7425,3.3068e-10,50.943,51.686
1237.0500,0,0.7425,3.3055e-10,50.968,51.711
1237.1000,0,0.7425,3.3043e-10,50.993,51.736
1237.1500,0,0.7425,3.303e-10,51.018,51.761
1237.2000,0,0.7425,3.3018e-10,51.043,51.786
1237.2500,0,0.7425,3.3005e-10,51.068,51.81
1237.3000,0,0.7425,3.2993e-10,51.093,51.835
1237.3500,0,0.7425,3.298e-10,51.118,51.86
1237.4000,0,0.7425,3.2967e-10,51.143,51.885
1237.4500,0,0.7425,3.2955e-10,51.167,51.91
1237.5000,0,0.7425,3.2942e-10,51.192,51.935
1237.5500,0,0.7425,3.2929e-10,51.217,51.96
1237.6000,0,0.7425,3.2916e-10,51.242,51.984
1237.6500,0,0.7425,3.2903e-10,51.267,52.009
1237.7000,0,0.7425,3.2891e-10,51.292,52.034
1237.7500,0,0.7425,3.2878e-10,51.316,52.059
1237.8000,0,0.7425,3.2865e-10,51.341,52.084
1237.8500,0,0.7425,3.2852e-10,51.366,52.108
1237.9000,0,0.7425,3.2839e-10,51.39,52.133
1237.9500,0,0.7425,3.2826e-10,51.415,52.158
1238.0000,0,0.7425,3.2813e-10,51.44,52.182
1238.0500,0,0.7425,3.28e-10,51.465,52.207
1238.1000,0,0.7425,3.2787e-10,51.489,52.232
1238.1500,0,0.7425,3.2773e-10,51.514,52.256
1238.2000,0,0.7425,3.276e-10,51.538,52.281
1238.2500,0,0.7425,3.2747e-10,51.563,52.306
1238.3000,0,0.7425,3.2734e-10,51.588,52.33
1238.3500,0,0.7425,3.2721e-10,51.612,52.355
1238.4000,0,0.7425,3.2707e-10,51.637,52.379
1238.4500,0,0.7425,3.2694e-10,51.661,52.404
1238.5000,0,0.7425,3.2681e-10,51.686,52.428
1238.5500,0,0.7425,3.2667e-10,51.71,52.453
1238.6000,0,0.7425,3.2654e-10,51.735,52.477
1238.6500,0,0.7425,3.264e-10,51.759,52.502
1238.7000,0,0.7425,3.2627e-10,51.784,52.526
1238.7500,0,0.7425,3.2613e-10,51.808,52.551
1238.8000,0,0.7425,3.26e-10,51.833,52.575
1238.8500,0,0.7425,3.2586e-10,51.857,52.6
1238.9000,0,0.7425,3.2573e-10,51.882,52.624
1238.9500,0,0.7425,3.2559e-10,51.906,52.649
1239.0000,0,0.7425,3.2545e-10,51.931,52.673
1239.0500,0,0.7425,3.2532e-10,51.955,52.697
1239.1000,0,0.7425,3.2518e-10,51.979,52.722
1239.1500,0,0.7425,3.2504e-10,52.004,52.746
1239.2000,0,0.7425,3.249e-10,52.028,52.77
1239.2500,0,0.7425,3.2476e-10,52.052,52.795
1239.3000,0,0.7425,3.2463e-10,52.076,52.819
1239.3500,0,0.7425,3.2449e-10,52.101,52.843
1239.4000,0,0.7425,3.2435e-10,52.125,52.867
1239.4500,0,0.7425,3.2421e-10,52.149,52.892
1239.5000,0,0.7425,3.2407e-10,52.174,52.916
1239.5500,0,0.7425,3.2393e-10,52.198,52.94
1239.6000,0,0.7425,3.2379e-10,52.222,52.964
1239.6500,0,0.7425,3.2365e-10,52.246,52.989
1239.7000,0,0.7425,3.2351e-10,52.27,53.013
1239.7500,0,0.7425,3.2337e-10,52.294,53.037
1239.8000,0,0.7425,3.2322e-10,52.319,53.061
1239.8500,0,0.7425,3.2308e-10,52.343,53.085
1239.9000,0,0.7425,3.2294e-10,52.367,53.109
1239.9500,0,0.7425,3.228e-10,52.391,53.133
1240.0000,0,0.7425,3.2266e-10,52.415,53.157
1240.0500,0,0.7425,3.2251e-10,52.439,53.182
1240.1000,0,0.7425,3.2237e-10,52.463,53.206
1240.1500,0,0.7425,3.2223e-10,52.487,53.23
1240.2000,0,0.7425,3.2209e-10,52.511,53.254
1240.2500,0,0.7425,3.2194e-10,52.535,53.278
1240.3000,0,0.7425,3.218e-10,52.559,53.302
1240.3500,0,0.7425,3.2165e-10,52.583,53.326
1240.4000,0,0.7425,3.2151e-10,52.607,53.349
1240.4500,0,0.7425,3.2137e-10,52.631,53.373
1240.5000,0,0.7425,3.2122e-10,52.655,53.397
1240.5500,0,0.7425,3.2108e-10,52.679,53.421
1240.6000,0,0.7425,3.2093e-10,52.703,53.445
1240.6500,0,0.7425,3.2079e-10,52.726,53.469
1240.7000,0,0.7425,3.2064e-10,52.75,53.493
1240.7500,0,0.7425,3.2049e-10,52.774,53.517
1240.8000,0,0.7425,3.2035e-10,52.798,53.541
1240.8500,0,0.7425,3.202e-10,52.822,53.564
1240.9000,0,0.7425,3.2005e-10,52.846,53.588
1240.9500,0,0.7425,3.1991e-10,52.869,53.612
1241.0000,0,0.7425,3.1976e-10,52.893,53.636
1241.0500,0,0.7425,3.1961e-10,52.917,53.659
1241.1000,0,0.7425,3.1946e-10,52.941,53.683
1241.1500,0,0.7425,3.1931e-10,52.964,53.707
1241.2000,0,0.7425,3.1916e-10,52.988,53.731
1241.2500,0,0.7425,3.1902e-10,53.012,53.754
1241.3000,0,0.7425,3.1887e-10,53.035,53.778
1241.3500,0,0.7425,3.1872e-10,53.059,53.801
1241.4000,0,0.7425,3.1857e-10,53.083,53.825
1241.4500,0,0.7425,3.1842e-10,53.106,53.849
1241.5000,0,0.7425,3.1827e-10,53.13,53.872
1241.5500,0,0.7425,3.1812e-10,53.153,53.896
1241.6000,0,0.7425,3.1796e-10,53.177,53.919
1241.6500,0,0.7425,3.1781e-10,53.201,53.943
1241.7000,0,0.7425,3.1766e-10,53.224,53.967
1241.7500,0,0.7425,3.1751e-10,53.248,53.99
1241.8000,0,0.7425,3.1736e-10,53.271,54.014
1241.8500,0,0.7425,3.172e-10,53.295,54.037
1241.9000,0,0.7425,3.1705e-10,53.318,54.061
1241.9500,0,0.7425,3.169e-10,53.341,54.084
1242.0000,0,0.7425,3.1674e-10,53.365,54.107
1242.0500,0,0.7425,3.1659e-10,53.388,54.131
1242.1000,0,0.7425,3.1644e-10,53.412,54.154
1242.1500,0,0.7425,3.1628e-10,53.435,54.178
1242.2000,0,0.7425,3.1613e-10,53.459,54.201
1242.2500,0,0.7425,3.1597e-10,53.482,54.224
1242.3000,0,0.7425,3.1582e-10,53.505,54.248
1242.3500,0,0.7425,3.1566e-10,53.529,54.271
1242.4000,0,0.7425,3.1551e-10,53.552,54.294
1242.4500,0,0.7425,3.1535e-10,53.575,54.318
1242.5000,0,0.7425,3.1519e-10,53.598,54.341
1242.5500,0,0.7425,3.1504e-10,53.622,54.364
1242.6000,0,0.7425,3.1488e-10,53.645,54.387
1242.6500,0,0.7425,3.1472e-10,53.668,54.411
1242.7000,0,0.7425,3.1457e-10,53.691,54.434
1242.7500,0,0.7425,3.1441e-10,53.715,54.457
1242.8000,0,0.7425,3.1425e-10,53.738,54.48
1242.8500,0,0.7425,3.1409e-10,53.761,54.503
1242.9000,0,0.7425,3.1393e-10,53.784,54.526
1242.9500,0,0.7425,3.1377e-10,53.807,54.55
1243.0000,0,0.7425,3.1362e-10,53.83,54.573
1243.0500,0,0.7425,3.1346e-10,53.853,54.596
1243.1000,0,0.7425,3.133e-10,53.876,54.619
1243.1500,0,0.7425,3.1314e-10,53.899,54.642
1243.2000,0,0.7425,3.1298e-10,53.923,54.665
1243.2500,0,0.7425,3.1282e-10,53.946,54.688
1243.3000,0,0.7425,3.1265e-10,53.969,54.711
1243.3500,0,0.7425,3.1249e-10,53.992,54.734
1243.4000,0,0.7425,3.1233e-10,54.014,54.757
1243.4500,0,0.7425,3.1217e-10,54.037,54.78
1243.5000,0,0.7425,3.1201e-10,54.06,54.803
1243.5500,0,0.7425,3.1185e-10,54.083,54.826
1243.6000,0,0.7425,3.1168e-10,54.106,54.849
1243.6500,0,0.7425,3.1152e-10,54.129,54.872
1243.7000,0,0.7425,3.1136e-10,54.152,54.895
1243.7500,0,0.7425,3.1119e-10,54.175,54.917
1243.8000,0,0.7425,3.1103e-10,54.198,54.94
1243.8500,0,0.7425,3.1087e-10,54.221,54.963
1243.9000,0,0.7425,3.107e-10,54.243,54.986
1243.9500,0,0.7425,3.1054e-10,54.266,55.009
1244.0000,0,0.7425,3.1037e-10,54.289,55.031
1244.0500,0,0.7425,3.1021e-10,54.312,55.054
1244.1000,0,0.7425,3.1004e-10,54.334,55.077
1244.1500,0,0.7425,3.0988e-10,54.357,55.1
1244.2000,0,0.7425,3.0971e-10,54.38,55.122
1244.2500,0,0.7425,3.0954e-10,54.403,55.145
1244.3000,0,0.7425,3.0938e-10,54.425,55.168
1244.3500,0,0.7425,3.0921e-10,54.448,55.19
1244.4000,0,0.7425,3.0904e-10,54.47,55.213
1244.4500,0,0.7425,3.0888e-10,54.493,55.236
1244.5000,0,0.7425,3.0871e-10,54.516,55.258
1244.5500,0,0.7425,3.0854e-10,54.538,55.281
1244.6000,0,0.7425,3.0837e-10,54.561,55.303
1244.6500,0,0.7425,3.082e-10,54.583,55.326
1244.7000,0,0.7425,3.0804e-10,54.606,55.348
1244.7500,0,0.7425,3.0787e-10,54.629,55.371
1244.8000,0,0.7425,3.077e-10,54.651,55.394
1244.8500,0,0.7425,3.0753e-10,54.673,55.416
1244.9000,0,0.7425,3.0736e-10,54.696,55.438
1244.9500,0,0.7425,3.0719e-10,54.718,55.461
1245.0000,0,0.7425,3.0702e-10,54.741,55.483
1245.0500,0,0.7425,3.0685e-10,54.763,55.506
1245.1000,0,0.7425,3.0668e-10,54.786,55.528
1245.1500,0,0.7425,3.0651e-10,54.808,55.551
1245.2000,0,0.7425,3.0633e-10,54.83,55.573
1245.2500,0,0.7425,3.0616e-10,54.853,55.595
1245.3000,0,0.7425,3.0599e-10,54.875,55.618
1245.3500,0,0.7425,3.0582e-10,54.897,55.64
1245.4000,0,0.7425,3.0565e-10,54.92,55.662
1245.4500,0,0.7425,3.0547e-10,54.942,55.684
1245.5000,0,0.7425,3.053e-10,54.964,55.707
1245.5500,0,0.7425,3.0513e-10,54.986,55.729
1245.6000,0,0.7425,3.0495e-10,55.009,55.751
1245.6500,0,0.7425,3.0478e-10,55.031,55.773
1245.7000,0,0.7425,3.0461e-10,55.053,55.796
1245.7500,0,0.7425,3.0443e-10,55.075,55.818
1245.8000,0,0.7425,3.0426e-10,55.097,55.84
1245.8500,0,0.7425,3.0408e-10,55.12,55.862
1245.9000,0,0.7425,3.0391e-10,55.142,55.884
1245.9500,0,0.7425,3.0373e-10,55.164,55.906
1246.0000,0,0.7425,3.0356e-10,55.186,55.928
1246.0500,0,0.7425,3.0338e-10,55.208,55.95
1246.1000,0,0.7425,3.032e-10,55.23,55.973
1246.1500,0,0.7425,3.0303e-10,55.252,55.995
1246.2000,0,0.7425,3.0285e-10,55.274,56.017
1246.2500,0,0.7425,3.0267e-10,55.296,56.039
1246.3000,0,0.7425,3.025e-10,55.318,56.061
1246.3500,0,0.7425,3.0232e-10,55.34,56.083
1246.4000,0,0.7425,3.0214e-10,55.362,56.104
1246.4500,0,0.7425,3.0196e-10,55.384,56.126
1246.5000,0,0.7425,3.0178e-10,55.406,56.148
1246.5500,0,0.7425,3.016e-10,55.428,56.17
1246.6000,0,0.7425,3.0143e-10,55.45,56.192
1246.6500,0,0.7425,3.0125e-10,55.471,56.214
1246.7000,0,0.7425,3.0107e-10,55.493,56.236
1246.7500,0,0.7425,3.0089e-10,55.515,56.258
1246.8000,0,0.7425,3.0071e-10,55.537,56.279
1246.8500,0,0.7425,3.0053e-10,55.559,56.301
1246.9000,0,0.7425,3.0035e-10,55.58,56.323
1246.9500,0,0.7425,3.0017e-10,55.602,56.345
1247.0000,0,0.7425,2.9998e-10,55.624,56.367
1247.0500,0,0.7425,2.998e-10,55.646,56.388
1247.1000,0,0.7425,2.9962e-10,55.667,56.41
1247.1500,0,0.7425,2.9944e-10,55.689,56.432
1247.2000,0,0.7425,2.9926e-10,55.711,56.453
1247.2500,0,0.7425,2.9908e-10,55.732,56.475
1247.3000,0,0.7425,2.9889e-10,55.754,56.497
1247.3500,0,0.7425,2.9871e-10,55.776,56.518
1247.4000,0,0.7425,2.9853e-10,55.797,56.54
1247.4500,0,0.7425,2.9834e-10,55.819,56.561
1247.5000,0,0.7425,2.9816e-10,55.84,56.583
1247.5500,0,0.7425,2.9798e-10,55.862,56.604
1247.6000,0,0.7425,2.9779e-10,55.883,56.626
1247.6500,0,0.7425,2.9761e-10,55.905,56.647
1247.7000,0,0.7425,2.9742e-10,55.926,56.669
1247.7500,0,0.7425,2.9724e-10,55.948,56.69
1247.8000,0,0.7425,2.9705e-10,55.969,56.712
1247.8500,0,0.7425,2.9687e-10,55.991,56.733
1247.9000,0,0.7425,2.9668e-10,56.012,56.755
1247.9500,0,0.7425,2.965e-10,56.034,56.776
1248.0000,0,0.7425,2.9631e-10,56.055,56.797
1248.0500,0,0.7425,2.9612e-10,56.076,56.819
1248.1000,0,0.7425,2.9594e-10,56.098,56.84
1248.1500,0,0.7425,2.9575e-10,56.119,56.861
1248.2000,0,0.7425,2.9556e-10,56.14,56.883
1248.2500,0,0.7425,2.9537e-10,56.162,56.904
1248.3000,0,0.7425,2.9519e-10,56.183,56.925
1248.3500,0,0.7425,2.95e-10,56.204,56.947
1248.4000,0,0.7425,2.9481e-10,56.225,56.968
1248.4500,0,0.7425,2.9462e-10,56.247,56.989
1248.5000,0,0.7425,2.9443e-10,56.268,57.01
1248.5500,0,0.7425,2.9424e-10,56.289,57.031
1248.6000,0,0.7425,2.9405e-10,56.31,57.053
1248.6500,0,0.7425,2.9386e-10,56.331,57.074
1248.7000,0,0.7425,2.9367e-10,56.352,57.095
1248.7500,0,0.7425,2.9348e-10,56.373,57.116
1248.8000,0,0.7425,2.9329e-10,56.395,57.137
1248.8500,0,0.7425,2.931e-10,56.416,57.158
1248.9000,0,0.7425,2.9291e-10,56.437,57.179
1248.9500,0,0.7425,2.9272e-10,56.458,57.2
1249.0000,0,0.7425,2.9253e-10,56.479,57.221
1249.0500,0,0.7425,2.9234e-10,56.5,57.242
1249.1000,0,0.7425,2.9215e-10,56.521,57.263
1249.1500,0,0.7425,2.9195e-10,56.542,57.284
1249.2000,0,0.7425,2.9176e-10,56.563,57.305
1249.2500,0,0.7425,2.9157e-10,56.584,57.326
1249.3000,0,0.7425,2.9138e-10,56.604,57.347
1249.3500,0,0.7425,2.9118e-10,56.625,57.368
1249.4000,0,0.7425,2.9099e-10,56.646,57.389
1249.4500,0,0.7425,2.8966e-10,56.667,57.409
1249.5000,0,0.7425,2.8268e-10,53.143,53.886