name,slctd,rank,name,slctd,rank,name,slctd,rank,diff,name,slctd,rank,diff
HD 63433,1,4,HD 63433,1,4,HD 63433,1,4,0,HD 63433,1,4,0
HD 63433,1,4,HD 63433,1,4,HD 63433,1,4,0,HD 63433,1,4,0
HD 63433,1,4,HD 63433,1,4,HD 63433,1,4,0,HD 63433,1,4,0
GJ 143,1,5,GJ 143,1,5,GJ 143,1,5,0,GJ 143,1,5,0
GJ 143,1,5,GJ 143,1,5,GJ 143,1,5,0,GJ 143,1,5,0
HD 95338,1,6,HD 95338,1,6,HD 95338,1,6,0,HD 95338,1,6,0
HD 60779,1,7,HD 60779,1,7,HD 60779,1,7,0,HD 60779,1,7,0
TOI-2443,1,11,TOI-1468,1,11,TOI-1468,1,11,1,TOI-1468,1,11,1
TOI-1468,1,12,TOI-1468,1,11,TOI-1468,1,11,1,TOI-1468,1,11,1
TOI-1468,1,12,TOI-2443,1,12,TOI-2443,1,12,-1,TOI-2443,1,12,-1
TOI-2134,1,14,TOI-2134,1,14,TOI-2134,1,14,0,TOI-2134,1,14,0
TOI-2134,1,14,TOI-2134,1,14,TOI-2134,1,14,0,TOI-2134,1,14,0
TOI-2194,1,16,TOI-2194,1,16,TOI-2194,1,16,0,TOI-2194,1,16,0
TOI-5789,1,18,TOI-5789,1,18,TOI-5789,1,18,0,TOI-5789,1,18,0
LP 791-18,1,19,TOI-6965,1,19,TOI-6965,1,19,1,TOI-6965,1,19,1
LP 791-18,1,19,TOI-6965,1,19,TOI-6965,1,19,1,TOI-6965,1,19,1
LP 791-18,1,19,HAT-P-20,1,20,HAT-P-20,1,20,1,HAT-P-20,1,20,1
TOI-6965,1,20,HD 110067,1,22,HD 110067,1,22,1,HD 110067,1,22,1
TOI-6965,1,20,HD 110067,1,22,HD 110067,1,22,1,HD 110067,1,22,1
HAT-P-20,1,21,HD 110067,1,22,HD 110067,1,22,1,HD 110067,1,22,1
HD 110067,1,23,HD 110067,1,22,HD 110067,1,22,1,HD 110067,1,22,1
HD 110067,1,23,HD 110067,1,22,HD 110067,1,22,1,HD 110067,1,22,1
HD 110067,1,23,HD 110067,1,22,HD 110067,1,22,1,HD 110067,1,22,1
HD 110067,1,23,HD 110067,1,22,HD 110067,1,22,1,HD 110067,1,22,1
HD 110067,1,23,HD 207496,1,24,HD 207496,1,24,1,HD 207496,1,24,1
HD 110067,1,23,TOI-1231,1,25,TOI-1231,1,25,1,TOI-1231,1,25,1
HD 110067,1,23,TOI-406,1,26,TOI-406,1,26,1,TOI-406,1,26,1
HD 207496,1,25,TOI-406,1,26,TOI-406,1,26,1,TOI-406,1,26,1
TOI-1231,1,26,TOI-406,1,26,TOI-406,1,26,1,TOI-406,1,26,1
TOI-406,1,27,TOI-1774,1,28,TOI-1774,1,28,1,TOI-1774,1,28,1
TOI-406,1,27,TOI-6973,1,30,TOI-6973,1,30,1,TOI-6973,1,30,1
TOI-406,1,27,TOI-1710,1,31,TOI-1710,1,31,1,TOI-1710,1,31,1
TOI-1774,1,29,HD 73344,1,32,HD 73344,1,32,1,HD 73344,1,32,1
HD 63935,1,30,HD 207897,1,33,HD 207897,1,33,1,HD 207897,1,33,1
HD 63935,1,30,HIP 9618,1,35,HIP 9618,1,35,0,HIP 9618,1,35,0
TOI-6973,1,31,HIP 9618,1,35,HIP 9618,1,35,0,HIP 9618,1,35,0
TOI-1710,1,32,TOI-1224,1,37,TOI-1224,1,37,1,TOI-1224,1,37,1
HD 73344,1,33,TOI-1224,1,37,TOI-1224,1,37,1,TOI-1224,1,37,1
HD 207897,1,34,TOI-712,1,40,TOI-712,1,40,0,TOI-712,1,40,0
HIP 9618,1,35,TOI-712,1,40,TOI-712,1,40,0,TOI-712,1,40,0
HIP 9618,1,35,TOI-712,1,40,TOI-712,1,40,0,TOI-712,1,40,0
TOI-1224,1,38,HR 858,1,41,HR 858,1,41,15,HR 858,1,41,15
TOI-1224,1,38,HR 858,1,41,HR 858,1,41,15,HR 858,1,41,15
HD 73583,1,39,HR 858,1,41,HR 858,1,41,15,HR 858,1,41,15
HD 73583,1,39,LTT 3780.00,1,42,LTT 3780.00,1,42,0,LTT 3780.00,1,42,0
TOI-712,1,40,LTT 3780.00,1,42,LTT 3780.00,1,42,0,LTT 3780.00,1,42,0
TOI-712,1,40,TOI-444,1,43,TOI-444,1,43,0,TOI-444,1,43,0
TOI-712,1,40,TOI-1203,1,45,TOI-1203,1,45,0,TOI-1203,1,45,0
LTT 3780.00,1,42,TOI-1898,1,46,TOI-1898,1,46,1,TOI-1898,1,46,1
LTT 3780.00,1,42,HD 18599,1,48,HD 18599,1,48,1,HD 18599,1,48,1
TOI-444,1,43,HD 135694,1,49,HD 135694,1,49,-1,HD 135694,1,49,-1
TOI-1203,1,45,HD 21520,1,50,HD 21520,1,50,0,HD 21520,1,50,0
TOI-1898,1,47,WASP-59,1,51,WASP-59,1,51,0,WASP-59,1,51,0
HD 135694,1,48,HD 5278,1,52,HD 5278,1,52,0,HD 5278,1,52,0
HD 18599,1,49,HD 22946,1,53,HD 22946,1,53,0,HD 22946,1,53,0
HD 21520,1,50,HD 22946,1,53,HD 22946,1,53,0,HD 22946,1,53,0
WASP-59,1,51,HD 22946,1,53,HD 22946,1,53,0,HD 22946,1,53,0
HD 5278,1,52,TOI-815,1,55,TOI-815,1,55,0,TOI-815,1,55,0
HD 22946,1,53,TOI-815,1,55,TOI-815,1,55,0,TOI-815,1,55,0
HD 22946,1,53,K2-72,1,56,K2-72,1,56,2,K2-72,1,56,2
HD 22946,1,53,K2-72,1,56,K2-72,1,56,2,K2-72,1,56,2
TOI-815,1,55,K2-72,1,56,K2-72,1,56,2,K2-72,1,56,2
TOI-815,1,55,K2-72,1,56,K2-72,1,56,2,K2-72,1,56,2
HR 858,1,56,TOI-5554,1,57,TOI-5554,1,57,2,TOI-5554,1,57,2
HR 858,1,56,TOI-1266,1,58,TOI-1266,1,58,6,TOI-1266,1,58,6
HR 858,1,56,TOI-1266,1,58,TOI-1266,1,58,6,TOI-1266,1,58,6
K2-72,1,58,TOI-2285,1,59,TOI-2285,1,59,2,TOI-2285,1,59,2
K2-72,1,58,TOI-2285,1,59,TOI-2285,1,59,2,TOI-2285,1,59,2
K2-72,1,58,TOI-700,1,60,TOI-700,1,60,3,TOI-700,1,60,3
K2-72,1,58,TOI-700,1,60,TOI-700,1,60,3,TOI-700,1,60,3
TOI-5554,1,59,TOI-700,1,60,TOI-700,1,60,3,TOI-700,1,60,3
TOI-1467,1,60,TOI-700,1,60,TOI-700,1,60,3,TOI-700,1,60,3
TOI-2285,1,61,TOI-4576,1,62,TOI-4576,1,62,3,TOI-4576,1,62,3
TOI-700,1,63,TOI-4632,1,63,TOI-4632,1,63,3,TOI-4632,1,63,3
TOI-700,1,63,TOI-1467,1,65,TOI-1467,1,65,-5,TOI-1467,1,65,-5
TOI-700,1,63,TOI-1434,1,66,TOI-1434,1,66,1,TOI-1434,1,66,1
TOI-700,1,63,Kepler-37,1,67,Kepler-37,1,67,1,Kepler-37,1,67,1
TOI-1266,1,64,Kepler-37,1,67,Kepler-37,1,67,1,Kepler-37,1,67,1
TOI-1266,1,64,Kepler-37,1,67,Kepler-37,1,67,1,Kepler-37,1,67,1
TOI-4576,1,65,Kepler-37,1,67,Kepler-37,1,67,1,Kepler-37,1,67,1
TOI-4632,1,66,Kepler-37,1,67,Kepler-37,1,67,1,Kepler-37,1,67,1
TOI-1434,1,67,HD 15906,1,69,HD 15906,1,69,2,HD 15906,1,69,2
Kepler-37,1,68,HD 15906,1,69,HD 15906,1,69,2,HD 15906,1,69,2
Kepler-37,1,68,TOI-7390,1,70,TOI-7390,1,70,,WASP-84,1,72,1
Kepler-37,1,68,WASP-84,1,73,WASP-84,1,73,0,WASP-84,1,72,1
Kepler-37,1,68,WASP-84,1,73,WASP-84,1,73,0,TOI-2094,1,74,1
Kepler-37,1,68,TOI-2094,1,75,TOI-2094,1,75,0,LP 714-47,1,75,1
HD 15906,1,71,LP 714-47,1,76,LP 714-47,1,76,0,TOI-2018,1,78,2
HD 15906,1,71,TOI-2018,1,79,TOI-2018,1,79,1,HD 235088,1,79,2
WASP-84,1,73,HD 235088,1,80,HD 235088,1,80,1,TOI-2095,1,80,2
WASP-84,1,73,TOI-2095,1,81,TOI-2095,1,81,1,TOI-2095,1,80,2
TOI-270,1,74,TOI-2095,1,81,TOI-2095,1,81,1,K2-3,1,82,2
TOI-270,1,74,K2-3,1,83,K2-3,1,83,1,K2-3,1,82,2
TOI-270,1,74,K2-3,1,83,K2-3,1,83,1,K2-3,1,82,2
TOI-2094,1,75,K2-3,1,83,K2-3,1,83,1,HD 17156,1,83,2
LP 714-47,1,76,HD 17156,1,84,HD 17156,1,84,1,TOI-1730,1,84,2
TOI-2015,1,77,TOI-1730,1,85,TOI-1730,1,85,1,TOI-1730,1,84,2
TOI-2018,1,80,TOI-1730,1,85,TOI-1730,1,85,1,TOI-1730,1,84,2
HD 235088,1,81,TOI-1730,1,85,TOI-1730,1,85,1,TOI-198,1,85,2
TOI-2095,1,82,TOI-198,1,86,TOI-198,1,86,1,HD 183579,1,86,2
TOI-2095,1,82,HD 183579,1,87,HD 183579,1,87,1,TOI-2015,1,87,-10
K2-3,1,84,TOI-2015,1,88,TOI-2015,1,88,-11,TOI-1728,1,88,1
K2-3,1,84,TOI-1728,1,89,TOI-1728,1,89,0,TOI-233,1,90,1
K2-3,1,84,TOI-233,1,91,TOI-233,1,91,0,TOI-233,1,90,1
HD 17156,1,85,TOI-233,1,91,TOI-233,1,91,0,TOI-1452,1,91,3
TOI-1730,1,86,TOI-1452,1,92,TOI-1452,1,92,2,TOI-6078,1,92,0
TOI-1730,1,86,TOI-6078,1,93,TOI-6078,1,93,-1,TOI-6078,1,92,0
TOI-1730,1,86,TOI-6078,1,93,TOI-6078,1,93,-1,TOI-4438,1,93,0
TOI-198,1,87,TOI-4438,1,94,TOI-4438,1,94,-1,TOI-4336 A,1,94,1
HD 183579,1,88,TOI-4336 A,1,95,TOI-4336 A,1,95,0,TOI-904,1,95,1
TOI-1728,1,89,TOI-904,1,96,TOI-904,1,96,0,TOI-904,1,95,1
TOI-233,1,91,TOI-904,1,96,TOI-904,1,96,0,TOI-687,1,96,2
TOI-233,1,91,TOI-687,1,97,TOI-687,1,97,1,TOI-1696,1,97,4
TOI-6078,1,92,TOI-1696,1,98,TOI-1696,1,98,3,TOI-1751,1,98,1
TOI-6078,1,92,TOI-1751,1,99,TOI-1751,1,99,0,TOI-480,1,99,1
TOI-4438,1,93,TOI-480,1,100,TOI-480,1,100,0,TOI-1691,1,100,15
TOI-1452,1,94,TOI-1691,1,101,TOI-1691,1,101,14,TOI-2459,1,101,1
TOI-4336 A,1,95,TOI-2459,1,102,TOI-2459,1,102,0,GJ 3090,1,102,1
TOI-904,1,96,GJ 3090,1,103,GJ 3090,1,103,0,TOI-2276,1,103,1
TOI-904,1,96,TOI-2276,1,104,TOI-2276,1,104,0,TOI-1718,1,104,1
TOI-4189,1,97,TOI-1718,1,105,TOI-1718,1,105,0,HD 332231,1,105,1
TOI-687,1,98,HD 332231,1,106,HD 332231,1,106,0,HD 35843,1,106,
TOI-1751,1,99,HD 35843,1,107,HD 35843,1,107,,TOI-1742,1,107,0
TOI-480,1,100,TOI-1742,1,108,TOI-1742,1,108,-1,TOI-1268,1,108,0
TOI-1696,1,101,TOI-1268,1,109,TOI-1268,1,109,-1,TOI-1451,1,109,1
TOI-2459,1,102,TOI-1451,1,110,TOI-1451,1,110,0,KELT-2 A,1,110,-1
GJ 3090,1,103,KELT-2 A,1,111,KELT-2 A,1,111,-2,TOI-286,1,111,0
TOI-2276,1,104,TOI-286,1,112,TOI-286,1,112,-1,TOI-286,1,111,0
TOI-1718,1,105,TOI-286,1,112,TOI-286,1,112,-1,TOI-1801,1,112,0
HD 332231,1,106,TOI-1801,1,113,TOI-1801,1,113,-1,TOI-1235,1,113,0
TOI-1742,1,107,TOI-1235,1,114,TOI-1235,1,114,-1,HD 3167,1,114,0
TOI-1268,1,108,HD 3167,1,115,HD 3167,1,115,-1,HD 3167,1,114,0
KELT-2 A,1,109,HD 3167,1,115,HD 3167,1,115,-1,TOI-6850,1,115,1
TOI-1451,1,110,TOI-6850,1,116,TOI-6850,1,116,0,TOI-257,1,116,1
TOI-286,1,111,TOI-257,1,117,TOI-257,1,117,0,TOI-620,1,117,2
TOI-286,1,111,TOI-620,1,118,TOI-620,1,118,1,TOI-122,1,118,0
TOI-1801,1,112,TOI-122,1,119,TOI-122,1,119,-1,K2-9,1,119,1
TOI-1235,1,113,K2-9,1,120,K2-9,1,120,0,TOI-6992,1,120,1
HD 3167,1,114,TOI-6992,1,121,TOI-6992,1,121,0,TOI-2136,1,121,1
HD 3167,1,114,TOI-2136,1,122,TOI-2136,1,122,0,HD 23472,1,122,1
TOI-1691,1,115,HD 23472,1,123,HD 23472,1,123,0,HD 23472,1,122,1
TOI-6850,1,116,HD 23472,1,123,HD 23472,1,123,0,HD 23472,1,122,1
TOI-257,1,117,HD 23472,1,123,HD 23472,1,123,0,HD 23472,1,122,1
TOI-122,1,118,HD 23472,1,123,HD 23472,1,123,0,HD 23472,1,122,1
TOI-620,1,119,HD 23472,1,123,HD 23472,1,123,0,TOI-870,1,123,1
K2-9,1,120,TOI-870,1,124,TOI-870,1,124,0,TOI-133,1,124,1
TOI-6992,1,121,TOI-133,1,125,TOI-133,1,125,0,Wolf 503,1,125,1
TOI-2136,1,122,Wolf 503,1,126,Wolf 503,1,126,0,TOI-2079,1,126,1
HD 23472,1,123,TOI-2079,1,127,TOI-2079,1,127,0,TOI-2079,1,126,1
HD 23472,1,123,TOI-2079,1,127,TOI-2079,1,127,0,TOI-5388,1,127,3
HD 23472,1,123,TOI-5388,1,128,TOI-5388,1,128,2,Kepler-10,1,128,0
HD 23472,1,123,Kepler-10,1,129,Kepler-10,1,129,-1,Kepler-10,1,128,0
HD 23472,1,123,Kepler-10,1,129,Kepler-10,1,129,-1,HIP 94235,1,129,0
TOI-870,1,124,HIP 94235,1,130,HIP 94235,1,130,-1,K2-174,1,131,1
TOI-133,1,125,K2-174,1,132,K2-174,1,132,0,TOI-1695,1,132,2
Wolf 503,1,126,TOI-1695,1,133,TOI-1695,1,133,1,TOI-2128,1,133,0
TOI-2079,1,127,TOI-2128,1,134,TOI-2128,1,134,-1,TOI-771,1,134,
TOI-2079,1,127,TOI-771,1,135,TOI-771,1,135,,TOI-5788,1,135,0
Kepler-10,1,128,TOI-5788,1,136,TOI-5788,1,136,-1,TOI-5788,1,135,0
Kepler-10,1,128,TOI-5788,1,136,TOI-5788,1,136,-1,TOI-727,1,137,0
HIP 94235,1,129,TOI-727,1,138,TOI-727,1,138,-1,TOI-727,1,137,0
TOI-5388,1,130,TOI-727,1,138,TOI-727,1,138,-1,HD 42813,1,139,0
K2-174,1,132,HD 42813,1,140,HD 42813,1,140,-1,HD 42813,1,139,0
TOI-2128,1,133,HD 42813,1,140,HD 42813,1,140,-1,HD 42813,1,139,0
TOI-1695,1,134,HD 42813,1,140,HD 42813,1,140,-1,TOI-6871,1,140,1
TOI-5788,1,135,TOI-6871,1,141,TOI-6871,1,141,0,TOI-5169,1,141,1
TOI-5788,1,135,TOI-5169,1,142,TOI-5169,1,142,0,HIP 113103,1,142,1
TOI-727,1,137,HIP 113103,1,143,HIP 113103,1,143,0,HIP 113103,1,142,1
TOI-727,1,137,HIP 113103,1,143,HIP 113103,1,143,0,TOI-2287,1,143,1
HD 42813,1,139,TOI-2287,1,144,TOI-2287,1,144,0,HD 118203,1,144,1
HD 42813,1,139,HD 118203,1,145,HD 118203,1,145,0,TOI-4185,1,146,
HD 42813,1,139,TOI-4185,1,147,TOI-4185,1,147,,Kepler-138,1,147,
TOI-6871,1,141,Kepler-138,1,148,Kepler-138,1,148,,Kepler-138,1,147,
TOI-5169,1,142,Kepler-138,1,148,Kepler-138,1,148,,Kepler-138,1,147,
HIP 113103,1,143,Kepler-138,1,148,Kepler-138,1,148,,TOI-1643,1,149,
HIP 113103,1,143,LP 791-18,1,272,TOI-7182,1,150,,TOI-1752,1,150,
TOI-2287,1,144,LP 791-18,1,272,,,,,TOI-1752,1,150,
HD 118203,1,145,LP 791-18,1,272,,,,,,,,
,,,,,,,,,,,,,
,,,,,,,,,,,,,
,,,,,,,,,,,,,
,,,,,,,,,,,,,
,,,,,,,,,,,,,
,,,,,,,,,,,,,
,,,,,,,,,,,,,
,,,,,,,,,,,,,
,,,,,,,,,,,,,
,,,,,,,,,,,,,
,,,,,,,,,,,,,
,,,,,,,,,,,,,
,,,,,,,,,,,,,
,,,,,,,,,,,,,
,,,,,,,,,,,,,
,,,,,,,,,,,,,
,,,,,,,,,,,,,
,,,,,,,,,,,,,
,,,,,,,,,,,,,
,,,,,,,,,,,,,
,,,,,,,,,,,,,
,,,,,,,,,,,,,
,,,,,,,,,,,,,
,,,,,,,,,,,,,
,,,,,,,,,,,,,
,,,,,,,,,,,,,
,,,,,,,,,,,,,
,,,,,,,,,,,,,
,,,,,,,,,,,,,
,,,,,,,,,,,,,
,,,,,,,,,,,,,
,,,,,,,,,,,,,