tic_id,hostname,hostname_file,hostname_hst
47667,TOI-6560,toi-6560,TOI-6560
677945,K2-128,k2-128,K2-128
709015,K2-279,k2-279,K2-279
743941,K2-292,k2-292,K2-292
1003831,TOI-564,toi-564,TOI-564
1018843,TOI-2673,toi-2673,TOI-2673
1129033,WASP-77 A,wasp-77a,WASP-77A
1167538,TOI-2447,toi-2447,TOI-2447
2468648,K2-129,k2-129,K2-129
2507547,TOI-6458,toi-6458,TOI-6458
2521105,Qatar-2,qatar-2,QATAR-2
2621212,K2-199,k2-199,K2-199
4070275,TOI-4364,toi-4364,TOI-4364
4165850,TOI-5160,toi-5160,TOI-5160
4486230,TOI-6880,toi-6880,TOI-6880
4619242,TOI-5295,toi-5295,TOI-5295
4646810,HD 15906,hd15906,HD15906
4897275,TOI-1774,toi-1774,TOI-1774
4918918,Wolf 327,wolf327,WOLF327
4959676,TOI-3350,toi-3350,TOI-3350
5882269,K2-284,k2-284,K2-284
6139066,K2-397,k2-397,K2-397
6404965,TOI-3346,toi-3346,TOI-3346
6764171,TOI-6685,toi-6685,TOI-6685
6785559,TOI-5085,toi-5085,TOI-5085
6892385,K2-105,k2-105,K2-105
7059054,K2-121,k2-121,K2-121
7422496,TOI-4189,toi-4189,TOI-4189
7439480,TOI-6110,toi-6110,TOI-6110
8260536,TOI-5398,toi-5398,TOI-5398
8348911,TOI-2266,toi-2266,TOI-2266
8599009,TOI-4463 A,toi-4463a,TOI-4463A
8853478,TOI-5390,toi-5390,TOI-5390
8918021,K2-325,k2-325,K2-325
8967242,TOI-1799,toi-1799,TOI-1799
8995204,TOI-6832,toi-6832,TOI-6832
9006668,TOI-238,toi-238,TOI-238
9151337,TOI-5572,toi-5572,TOI-5572
9166136,TOI-6850,toi-6850,TOI-6850
9216075,TOI-6903,toi-6903,TOI-6903
9348006,TOI-1775,toi-1775,TOI-1775
9858404,TOI-394,toi-394,TOI-394
9907513,TOI-5590,toi-5590,TOI-5590
9989136,TOI-5734,toi-5734,TOI-5734
10195089,K2-381,k2-381,K2-381
10792081,TOI-5703,toi-5703,TOI-5703
10837041,TOI-2411,toi-2411,TOI-2411
11023038,K2-139,k2-139,K2-139
11894726,TOI-7015,toi-7015,TOI-7015
11936042,TOI-2807,toi-2807,TOI-2807
12036590,TOI-2598,toi-2598,TOI-2598
12181371,K2-130,k2-130,K2-130
12421862,TOI-198,toi-198,TOI-198
12666215,K2-38,k2-38,K2-38
12821302,K2-367,k2-367,K2-367
12822545,K2-54,k2-54,K2-54
13684720,TOI-1433,toi-1433,TOI-1433
13883872,TOI-4322,toi-4322,TOI-4322
14078624,K2-179,k2-179,K2-179
14091633,TOI-447,toi-447,TOI-447
14091704,TOI-445,toi-445,TOI-445
14111411,K2-90,k2-90,K2-90
14160842,K2-85,k2-85,K2-85
14165625,TOI-875,toi-875,TOI-875
14336130,TOI-1716,toi-1716,TOI-1716
14570099,K2-346,k2-346,K2-346
14635562,K2-122,k2-122,K2-122
15756231,V1298 Tau,v1298tau,V1298TAU
15863518,TOI-1713,toi-1713,TOI-1713
16005254,TOI-5344,toi-5344,TOI-5344
16884216,TOI-2023,toi-2023,TOI-2023
17307715,K2-155,k2-155,K2-155
17385917,TOI-5543,toi-5543,TOI-5543
18019350,TOI-5397,toi-5397,TOI-5397
18310799,K2-136,k2-136,K2-136
18318288,TOI-6086,toi-6086,TOI-6086
18574158,TOI-7051,toi-7051,TOI-7051
19025965,TOI-493,toi-493,TOI-493
19028197,GJ 3470,gj3470,GJ3470
19451711,TOI-522,toi-522,TOI-522
19519368,TOI-494,toi-494,TOI-494
20182780,TOI-3984 A,toi-3984a,TOI-3984A
20203297,TOI-2268,toi-2268,TOI-2268
20318757,TOI-1027,toi-1027,TOI-1027
20375215,TOI-6709,toi-6709,TOI-6709
20897611,TOI-2383,toi-2383,TOI-2383
21130820,TOI-4548,toi-4548,TOI-4548
21244210,K2-184,k2-184,K2-184
21276520,K2-263,k2-263,K2-263
21535395,TOI-1776,toi-1776,TOI-1776
21744120,HAT-P-18,hat-p-18,HAT-P-18
21832928,TOI-2128,toi-2128,TOI-2128
22038430,TOI-7052,toi-7052,TOI-7052
22221375,HD 86226,hd86226,HD86226
22233480,TOI-4438,toi-4438,TOI-4438
22740615,TOI-7082,toi-7082,TOI-7082
22903436,TOI-7032,toi-7032,TOI-7032
23229805,TOI-4451,toi-4451,TOI-4451
23434737,TOI-1203,toi-1203,TOI-1203
23740089,TOI-1849,toi-1849,TOI-1849
23814735,TOI-2075,toi-2075,TOI-2075
23863105,TOI-5671,toi-5671,TOI-5671
23961340,TOI-7062,toi-7062,TOI-7062
24695044,TOI-2195,toi-2195,TOI-2195
26054627,TOI-5349,toi-5349,TOI-5349
26123781,BD+20 594,bd+20-594,BD+20-594
26826078,HAT-P-20,hat-p-20,HAT-P-20
27039476,K2-291,k2-291,K2-291
27064468,TOI-5126,toi-5126,TOI-5126
27194429,TOI-1831,toi-1831,TOI-1831
27491137,TOI-2076,toi-2076,TOI-2076
27649847,TOI-521,toi-521,TOI-521
28116365,TOI-4297,toi-4297,TOI-4297
28159518,Kepler-367,kepler-367,KEPLER-367
28227113,Kepler-538,kepler-538,KEPLER-538
28230919,HAT-P-11,hat-p-11,HAT-P-11
28294709,TOI-4607,toi-4607,TOI-4607
28361088,Kepler-568,kepler-568,KEPLER-568
28900646,TOI-1685,toi-1685,TOI-1685
29054413,TOI-1631,toi-1631,TOI-1631
29106627,TOI-6070,toi-6070,TOI-6070
29169215,TOI-5584,toi-5584,TOI-5584
29191596,TOI-1792,toi-1792,TOI-1792
29191624,TOI-1777,toi-1777,TOI-1777
29781207,TOI-5402,toi-5402,TOI-5402
29781292,HD 28109,hd28109,HD28109
29919341,TOI-2422,toi-2422,TOI-2422
29953537,TOI-7033,toi-7033,TOI-7033
29959760,TOI-2444,toi-2444,TOI-2444
29960110,TOI-1201,toi-1201,TOI-1201
30037565,TOI-1209,toi-1209,TOI-1209
30122649,TOI-808,toi-808,TOI-808
30828562,TOI-621,toi-621,TOI-621
30853470,TOI-807,toi-807,TOI-807
31374837,TOI-431,toi-431,TOI-431
31515092,TOI-2552,toi-2552,TOI-2552
31637479,TOI-4182,toi-4182,TOI-4182
31858843,WASP-123,wasp-123,WASP-123
32090583,TOI-218,toi-218,TOI-218
32296259,TOI-6434,toi-6434,TOI-6434
32460142,TOI-4382,toi-4382,TOI-4382
32497972,TOI-876,toi-876,TOI-876
32498058,TOI-4347,toi-4347,TOI-4347
33091590,TOI-2495,toi-2495,TOI-2495
33521996,HATS-6,hats-6,HATS-6
33692729,HD 42813,hd42813,HD42813
33716474,TOI-4561,toi-4561,TOI-4561
33831980,TOI-806,toi-806,TOI-806
34068865,GJ 367,gj367,GJ367
34077285,TOI-880,toi-880,TOI-880
34729329,TOI-2731,toi-2731,TOI-2731
34980970,TOI-5343,toi-5343,TOI-5343
34986694,TOI-6717,toi-6717,TOI-6717
35009898,TOI-654,toi-654,TOI-654
35019000,EPIC 201238110,epic201238110,EPIC201238110
35021200,K2-158,k2-158,K2-158
35064295,K2-159,k2-159,K2-159
36452991,TOI-2969,toi-2969,TOI-2969
36724087,LTT 3780,ltt3780,LTT3780
36734222,WASP-43,wasp-43,WASP-43
37089434,TOI-2596,toi-2596,TOI-2596
37749396,TOI-260,toi-260,TOI-260
37770169,TOI-470,toi-470,TOI-470
38116202,EPIC 201170410,epic201170410,EPIC201170410
38200266,K2-65,k2-65,K2-65
38258419,K2-68,k2-68,K2-68
38337202,K2-72,k2-72,K2-72
38355468,EPIC 206215704,epic206215704,EPIC206215704
38460940,TOI-805,toi-805,TOI-805
38509907,TOI-722,toi-722,TOI-722
38510224,TOI-711,toi-711,TOI-711
38584799,TOI-6633,toi-6633,TOI-6633
38680052,TOI-2208,toi-2208,TOI-2208
39143128,TOI-5389,toi-5389,TOI-5389
39200363,TOI-2133,toi-2133,TOI-2133
39516274,TOI-5997,toi-5997,TOI-5997
39699648,HD 77946,hd77946,HD77946
39903405,HAT-P-2,hat-p-2,HAT-P-2
39926974,K2-28,k2-28,K2-28
39928614,K2-69,k2-69,K2-69
39936432,K2-116,k2-116,K2-116
40083958,TOI-851,toi-851,TOI-851
40292751,TOI-5786,toi-5786,TOI-5786
40466976,TOI-4494,toi-4494,TOI-4494
42054565,TOI-280,toi-280,TOI-280
42883782,TOI-5788,toi-5788,TOI-5788
43276438,TOI-5701,toi-5701,TOI-5701
44295981,TOI-6137,toi-6137,TOI-6137
44313455,TOI-2142,toi-2142,TOI-2142
44647437,TOI-435,toi-435,TOI-435
44737596,HATS-75,hats-75,HATS-75
44764338,TOI-2804,toi-2804,TOI-2804
44797824,TOI-865,toi-865,TOI-865
44898913,LP 890-9,lp890-9,LP890-9
46096489,WASP-16,wasp-16,WASP-16
46432937,TIC 46432937,tic46432937,TIC46432937
46631742,TOI-5358,toi-5358,TOI-5358
46999289,TOI-3398,toi-3398,TOI-3398
47423120,TOI-352,toi-352,TOI-352
47482754,TOI-6727,toi-6727,TOI-6727
47601197,TOI-2350,toi-2350,TOI-2350
47720259,TOI-2519,toi-2519,TOI-2519
48018596,TOI-2295,toi-2295,TOI-2295
48353358,Kepler-1651,kepler-1651,KEPLER-1651
48450369,Kepler-408,kepler-408,KEPLER-408
48503881,Kepler-1712,kepler-1712,KEPLER-1712
49040478,K2-33,k2-33,K2-33
49066806,TOI-6530,toi-6530,TOI-6530
49079670,TOI-641,toi-641,TOI-641
49428710,TOI-5174,toi-5174,TOI-5174
49512708,K2-366,k2-366,K2-366
49592509,K2-417,k2-417,K2-417
49652731,K2-53,k2-53,K2-53
49984349,K2-369,k2-369,K2-369
50171060,K2-31,k2-31,K2-31
50312495,TOI-1211,toi-1211,TOI-1211
50379036,TOI-4350,toi-4350,TOI-4350
50618703,TOI-544,toi-544,TOI-544
51641442,EPIC 228836835,epic228836835,EPIC228836835
51664268,K2-255,k2-255,K2-255
52005579,Gliese 12,gliese12,GLIESE12
52204645,TOI-209,toi-209,TOI-209
52307802,TOI-4360,toi-4360,TOI-4360
52368076,TOI-125,toi-125,TOI-125
53287554,TOI-5172,toi-5172,TOI-5172
53498154,TOI-5624,toi-5624,TOI-5624
54002556,NGTS-11,ngts-11,NGTS-11
54238138,TOI-6529,toi-6529,TOI-6529
54962195,TOI-663,toi-663,TOI-663
55092869,KELT-11,kelt-11,KELT-11
55275863,TOI-5515,toi-5515,TOI-5515
55315929,HD 80653,hd80653,HD80653
55488511,TOI-557,toi-557,TOI-557
55559618,TOI-695,toi-695,TOI-695
55650590,TOI-206,toi-206,TOI-206
55652896,TOI-216,toi-216,TOI-216
56399553,K2-29,k2-29,K2-29
56520147,K2-91,k2-91,K2-91
56658270,IRAS 04125+2902,iras04125+2902,IRAS04125+2902
56662591,TOI-4309,toi-4309,TOI-4309
56754291,K2-152,k2-152,K2-152
56798909,TOI-5404,toi-5404,TOI-5404
56815340,HD 106315,hd106315,HD106315
57299130,TOI-7043,toi-7043,TOI-7043
58542531,TOI-1683,toi-1683,TOI-1683
58824746,TOI-4638,toi-4638,TOI-4638
59128183,TOI-2453,toi-2453,TOI-2453
59582240,TOI-5166,toi-5166,TOI-5166
60377863,TOI-4851,toi-4851,TOI-4851
60984804,TOI-6260,toi-6260,TOI-6260
61109252,TOI-5394,toi-5394,TOI-5394
61312205,K2-404,k2-404,K2-404
62483237,TOI-139,toi-139,TOI-139
62676654,TOI-7054,toi-7054,TOI-7054
63013648,TOI-5547,toi-5547,TOI-5547
63082902,TOI-6936,toi-6936,TOI-6936
63100069,TOI-7170,toi-7170,TOI-7170
63126862,Kepler-42,kepler-42,KEPLER-42
63213622,Kepler-1313,kepler-1313,KEPLER-1313
63368895,Kepler-1869,kepler-1869,KEPLER-1869
63898957,TOI-261,toi-261,TOI-261
64071894,TOI-458,toi-458,TOI-458
64282927,TOI-5949,toi-5949,TOI-5949
65416038,TOI-4190,toi-4190,TOI-4190
65672998,HD 60779,hd60779,HD60779
66413476,TOI-325,toi-325,TOI-325
66620917,TOI-4391,toi-4391,TOI-4391
67181830,TOI-6912,toi-6912,TOI-6912
67395329,TOI-6873,toi-6873,TOI-6873
67418624,TOI-1598,toi-1598,TOI-1598
67512645,TOI-6894,toi-6894,TOI-6894
67630845,TOI-2408,toi-2408,TOI-2408
67646988,TOI-1779,toi-1779,TOI-1779
67782629,TOI-2454,toi-2454,TOI-2454
67881560,TOI-6018,toi-6018,TOI-6018
68035559,TOI-2484,toi-2484,TOI-2484
68048686,K2-24,k2-24,K2-24
68504570,K2-37,k2-37,K2-37
68573534,TOI-4597,toi-4597,TOI-4597
68577662,K2-232,k2-232,K2-232
68646526,TOI-4611,toi-4611,TOI-4611
68893269,TOI-5544,toi-5544,TOI-5544
68952448,WASP-67,wasp-67,WASP-67
69054388,TOI-6919,toi-6919,TOI-6919
69679391,KELT-20,kelt-20,KELT-20
69747919,K2-167,k2-167,K2-167
69819610,TOI-2324,toi-2324,TOI-2324
70298662,K2-315,k2-315,K2-315
70412892,K2-317,k2-317,K2-317
70513361,TOI-262,toi-262,TOI-262
70899085,LP 714-47,lp714-47,LP714-47
70914192,TOI-427,toi-427,TOI-427
71013298,TOI-2467,toi-2467,TOI-2467
71268730,TOI-5375,toi-5375,TOI-5375
71347873,TOI-2293,toi-2293,TOI-2293
71431780,TOI-1723,toi-1723,TOI-1723
71512186,TOI-525,toi-525,TOI-525
71582156,TOI-5726,toi-5726,TOI-5726
71674064,TOI-6522,toi-6522,TOI-6522
72090501,TOI-651,toi-651,TOI-651
72668830,TOI-4296,toi-4296,TOI-4296
73228647,HD 110113,hd110113,HD110113
73540072,TOI-1853,toi-1853,TOI-1853
73649615,TOI-756,toi-756,TOI-756
73848324,K2-287,k2-287,K2-287
73943566,K2-316,k2-316,K2-316
74534430,TOI-687,toi-687,TOI-687
75589027,TOI-5130,toi-5130,TOI-5130
75878355,TOI-2134,toi-2134,TOI-2134
76193403,TOI-5700,toi-5700,TOI-5700
76706043,TOI-6612,toi-6612,TOI-6612
76923707,TOI-181,toi-181,TOI-181
76989773,TOI-182,toi-182,TOI-182
77156829,LHS 1678,lhs1678,LHS1678
77253676,TOI-697,toi-697,TOI-697
77951245,TOI-450,toi-450,TOI-450
79748331,TOI-1064,toi-1064,TOI-1064
80224448,TOI-6965,toi-6965,TOI-6965
80682484,TOI-2810,toi-2810,TOI-2810
81247740,TOI-1855,toi-1855,TOI-1855
82050863,K2-9,k2-9,K2-9
82308728,HD 97658,hd97658,HD97658
82452140,TOI-2289,toi-2289,TOI-2289
83092282,TOI-622,toi-622,TOI-622
83181153,K2-26,k2-26,K2-26
85031598,TOI-1684,toi-1684,TOI-1684
85242435,TOI-1722,toi-1722,TOI-1722
85281192,TOI-6317,toi-6317,TOI-6317
85293053,TOI-1772,toi-1772,TOI-1772
85593751,WASP-11,wasp-11,WASP-11
86130229,K2-352,k2-352,K2-352
86263325,TOI-3884,toi-3884,TOI-3884
86951294,TOI-4596,toi-4596,TOI-4596
87090944,TOI-1677,toi-1677,TOI-1677
87216634,TOI-5789,toi-5789,TOI-5789
87405719,TOI-5416,toi-5416,TOI-5416
88114177,TOI-5531,toi-5531,TOI-5531
89020549,TOI-132,toi-132,TOI-132
90090343,K2-379,k2-379,K2-379
90767677,TOI-5359,toi-5359,TOI-5359
90853136,TOI-5092,toi-5092,TOI-5092
90935995,TOI-6801,toi-6801,TOI-6801
91051152,WASP-59,wasp-59,WASP-59
91287873,TOI-5554,toi-5554,TOI-5554
91481801,TOI-5099,toi-5099,TOI-5099
91555165,TOI-2345,toi-2345,TOI-2345
91987762,TOI-1898,toi-1898,TOI-1898
92226327,LHS 1140,lhs1140,LHS1140
92439980,TOI-5813,toi-5813,TOI-5813
94892940,K2-162,k2-162,K2-162
94924543,EPIC 229004835,epic229004835,EPIC229004835
94986319,TOI-421,toi-421,TOI-421
95057860,TOI-4201,toi-4201,TOI-4201
95337971,TOI-5139,toi-5139,TOI-5139
95423778,TOI-5792,toi-5792,TOI-5792
96475638,TOI-6657,toi-6657,TOI-6657
96925186,TOI-2518,toi-2518,TOI-2518
97486178,TOI-2426,toi-2426,TOI-2426
97735908,KELT-2 A,kelt-2a,KELT-2A
97825640,TOI-2989,toi-2989,TOI-2989
98594138,K2-223,k2-223,K2-223
98720702,K2-137,k2-137,K2-137
98720809,K2-229,k2-229,K2-229
98751904,K2-228,k2-228,K2-228
98796344,LTT 1445 A,ltt1445a,LTT1445A
99896567,TOI-6074,toi-6074,TOI-6074
99989903,TOI-6673,toi-6673,TOI-6673
100100827,WASP-18,wasp-18,WASP-18
100267480,TOI-2341,toi-2341,TOI-2341
100608026,TOI-475,toi-475,TOI-475
100990000,HD 22946,hd22946,HD22946
101011575,HD 73583,hd73583,HD73583
101037590,TOI-1605,toi-1605,TOI-1605
101230735,TOI-1060,toi-1060,TOI-1060
101948569,TOI-240,toi-240,TOI-240
101955023,GJ 1132,gj1132,GJ1132
102734241,TOI-6002,toi-6002,TOI-6002
102840239,TOI-815,toi-815,TOI-815
103448870,TOI-1687,toi-1687,TOI-1687
103633434,TOI-1235,toi-1235,TOI-1235
104208182,TOI-1738,toi-1738,TOI-1738
105840719,TOI-2123,toi-2123,TOI-2123
106402532,TOI-733,toi-733,TOI-733
106940971,TOI-4425,toi-4425,TOI-4425
107018378,TOI-4556,toi-4556,TOI-4556
112115898,TOI-6716,toi-6716,TOI-6716
113979956,K2-88,k2-88,K2-88
114018671,TOI-1011,toi-1011,TOI-1011
114947483,TOI-5859,toi-5859,TOI-5859
115072772,K2-200,k2-200,K2-200
115182469,TOI-4071,toi-4071,TOI-4071
115623434,TOI-2279,toi-2279,TOI-2279
115771549,TOI-1409,toi-1409,TOI-1409
115899725,TOI-6372,toi-6372,TOI-6372
116048097,TOI-6080,toi-6080,TOI-6080
116483514,TOI-1411,toi-1411,TOI-1411
116483734,TOI-1412,toi-1412,TOI-1412
116668723,TOI-5122,toi-5122,TOI-5122
117414377,K2-376,k2-376,K2-376
117799904,TOI-2457,toi-2457,TOI-2457
117979455,TOI-422,toi-422,TOI-422
118327550,TOI-244,toi-244,TOI-244
118914286,TOI-6099,toi-6099,TOI-6099
119292328,TOI-512,toi-512,TOI-512
119584412,TOI-1801,toi-1801,TOI-1801
119700084,TOI-1413,toi-1413,TOI-1413
119973835,TOI-6078,toi-6078,TOI-6078
120045750,TOI-5981,toi-5981,TOI-5981
120183168,TOI-4499,toi-4499,TOI-4499
120255950,Kepler-1656,kepler-1656,KEPLER-1656
120418600,Kepler-974,kepler-974,KEPLER-974
120578688,Kepler-1939,kepler-1939,KEPLER-1939
120693011,Kepler-1308,kepler-1308,KEPLER-1308
120757718,TrES-1,tres-1,TRES-1
120826158,TOI-4495,toi-4495,TOI-4495
120896927,HD 15337,hd15337,HD15337
121214185,Kepler-21,kepler-21,KEPLER-21
121338379,TOI-498,toi-498,TOI-498
121490076,HIP 113103,hip113103,HIP113103
122065885,Kepler-1582,kepler-1582,KEPLER-1582
122613513,TOI-279,toi-279,TOI-279
122617317,TOI-4311,toi-4311,TOI-4311
122629761,TOI-6062,toi-6062,TOI-6062
123309556,Kepler-94,kepler-94,KEPLER-94
123357034,TOI-4129,toi-4129,TOI-4129
123357864,Kepler-102,kepler-102,KEPLER-102
123417850,Kepler-446,kepler-446,KEPLER-446
123482865,TOI-569,toi-569,TOI-569
123702439,TOI-499,toi-499,TOI-499
123846039,TOI-883,toi-883,TOI-883
124235800,TOI-4898,toi-4898,TOI-4898
124491883,TOI-2512,toi-2512,TOI-2512
124573851,TOI-669,toi-669,TOI-669
125060509,K2-201,k2-201,K2-201
125735470,TOI-1606,toi-1606,TOI-1606
126606859,TOI-4479,toi-4479,TOI-4479
126733133,TOI-570,toi-570,TOI-570
126737992,TOI-4180,toi-4180,TOI-4180
127530399,WASP-132,wasp-132,WASP-132
128790976,TOI-1124,toi-1124,TOI-1124
129637892,TOI-155,toi-155,TOI-155
129979528,WASP-33,wasp-33,WASP-33
130181866,HD 63433,hd63433,HD63433
130415266,TOI-588,toi-588,TOI-588
130640162,K2-257,k2-257,K2-257
130924120,TOI-757,toi-757,TOI-757
131081852,TOI-758,toi-758,TOI-758
133334108,TOI-637,toi-637,TOI-637
134200185,TOI-500,toi-500,TOI-500
134404603,TOI-609,toi-609,TOI-609
134471108,TOI-2501,toi-2501,TOI-2501
135036669,TOI-2640,toi-2640,TOI-2640
135043332,K2-198,k2-198,K2-198
135100529,TOI-5628,toi-5628,TOI-5628
136916387,HD 136352,hd136352,HD136352
137099260,Kepler-1731,kepler-1731,KEPLER-1731
137151335,Kepler-93,kepler-93,KEPLER-93
137152419,Kepler-1053,kepler-1053,KEPLER-1053
137155210,Kepler-398,kepler-398,KEPLER-398
137558813,Kepler-1649,kepler-1649,KEPLER-1649
137843225,TOI-5706,toi-5706,TOI-5706
137906197,TOI-1768,toi-1768,TOI-1768
138017750,TOI-1608,toi-1608,TOI-1608
138588540,TOI-1434,toi-1434,TOI-1434
138762614,TOI-1802,toi-1802,TOI-1802
138819293,GJ 436,gj436,GJ436
138820713,TOI-5730,toi-5730,TOI-5730
139148528,TOI-4315,toi-4315,TOI-4315
139198430,TOI-1891,toi-1891,TOI-1891
139270665,TIC 139270665,tic139270665,TIC139270665
139879080,TOI-6899,toi-6899,TOI-6899
140687214,TOI-4327,toi-4327,TOI-4327
140893722,TOI-6900,toi-6900,TOI-6900
141074654,TOI-6557,toi-6557,TOI-6557
141186075,TOI-4307,toi-4307,TOI-4307
141527579,TOI-698,toi-698,TOI-698
141527965,TOI-1216,toi-1216,TOI-1216
141608198,TOI-210,toi-210,TOI-210
142019343,TOI-4413,toi-4413,TOI-4413
142117976,TOI-2273,toi-2273,TOI-2273
142276270,TOI-1136,toi-1136,TOI-1136
142277868,TOI-6508,toi-6508,TOI-6508
142381532,TOI-1823,toi-1823,TOI-1823
142387023,TOI-1824,toi-1824,TOI-1824
142394656,TOI-1268,toi-1268,TOI-1268
142748283,TOI-2096,toi-2096,TOI-2096
142868621,TOI-2446,toi-2446,TOI-2446
142908390,TOI-6405,toi-6405,TOI-6405
142937186,TOI-2427,toi-2427,TOI-2427
142938659,TOI-4668,toi-4668,TOI-4668
143032776,TOI-4863,toi-4863,TOI-4863
143842198,TOI-6710,toi-6710,TOI-6710
144000801,TOI-2302,toi-2302,TOI-2302
144006874,TOI-6058,toi-6058,TOI-6058
144065872,WASP-95,wasp-95,WASP-95
144077896,TOI-6578,toi-6578,TOI-6578
144193715,TOI-4308,toi-4308,TOI-4308
144276942,TOI-361,toi-361,TOI-361
144327080,TOI-6806,toi-6806,TOI-6806
144401492,TOI-1803,toi-1803,TOI-1803
144441148,TOI-1837,toi-1837,TOI-1837
144700903,TOI-532,toi-532,TOI-532
145752628,EPIC 206032309,epic206032309,EPIC206032309
146172354,TOI-1036,toi-1036,TOI-1036
146364192,K2-265,k2-265,K2-265
146413471,TOI-6454,toi-6454,TOI-6454
146520535,TOI-942,toi-942,TOI-942
146776480,TOI-2605,toi-2605,TOI-2605
147203645,TOI-166,toi-166,TOI-166
147821208,TOI-6393,toi-6393,TOI-6393
147892178,TOI-5207,toi-5207,TOI-5207
147923561,TOI-5715,toi-5715,TOI-5715
147950620,TOI-1194,toi-1194,TOI-1194
147951030,TOI-2067,toi-2067,TOI-2067
148228019,TOI-527,toi-527,TOI-527
148673433,TOI-5704,toi-5704,TOI-5704
148679712,TOI-1804,toi-1804,TOI-1804
148691985,TOI-6626,toi-6626,TOI-6626
148782377,TOI-1415,toi-1415,TOI-1415
148883384,TOI-2522,toi-2522,TOI-2522
148914726,TOI-1179,toi-1179,TOI-1179
149282072,TOI-4461,toi-4461,TOI-4461
149302744,TOI-699,toi-699,TOI-699
149496868,K2-405,k2-405,K2-405
149577217,TOI-1850,toi-1850,TOI-1850
149603524,WASP-62,wasp-62,WASP-62
149788158,TOI-727,toi-727,TOI-727
149833117,TOI-1717,toi-1717,TOI-1717
149845414,TOI-2545,toi-2545,TOI-2545
149969625,K2-165,k2-165,K2-165
150030205,TOI-286,toi-286,TOI-286
150096001,K2-133,k2-133,K2-133
150098860,TOI-220,toi-220,TOI-220
150151262,TOI-712,toi-712,TOI-712
150320610,TOI-6725,toi-6725,TOI-6725
150428135,TOI-700,toi-700,TOI-700
150430484,TOI-859,toi-859,TOI-859
151724385,TOI-5795,toi-5795,TOI-5795
151759246,TOI-5800,toi-5800,TOI-5800
151825527,TOI-672,toi-672,TOI-672
152563846,TOI-4185,toi-4185,TOI-4185
152569268,TOI-6281,toi-6281,TOI-6281
152701771,K2-242,k2-242,K2-242
152805642,K2-241,k2-241,K2-241
153065527,TOI-406,toi-406,TOI-406
153077621,TOI-454,toi-454,TOI-454
153078576,TOI-2407,toi-2407,TOI-2407
153949511,TOI-1277,toi-1277,TOI-1277
153951307,TOI-1238,toi-1238,TOI-1238
153976959,TOI-1435,toi-1435,TOI-1435
154089169,TOI-1174,toi-1174,TOI-1174
154383539,TOI-1436,toi-1436,TOI-1436
154459165,TOI-611,toi-611,TOI-611
154474036,TOI-4578,toi-4578,TOI-4578
154563411,TOI-5578,toi-5578,TOI-5578
154616309,TOI-3397,toi-3397,TOI-3397
154618248,TOI-245,toi-245,TOI-245
154716798,TOI-1239,toi-1239,TOI-1239
154762431,TOI-5951,toi-5951,TOI-5951
154840461,TOI-1153,toi-1153,TOI-1153
154867950,TOI-1652,toi-1652,TOI-1652
154872375,TOI-1135,toi-1135,TOI-1135
154923406,TOI-4590,toi-4590,TOI-4590
154940895,TOI-4572,toi-4572,TOI-4572
155012162,TOI-5548,toi-5548,TOI-5548
155351556,TOI-3716,toi-3716,TOI-3716
155867025,TOI-3714,toi-3714,TOI-3714
155898758,TOI-3913,toi-3913,TOI-3913
156199502,TOI-2105,toi-2105,TOI-2105
156584871,K2-251,k2-251,K2-251
156599123,K2-227,k2-227,K2-227
157081737,TOI-6095,toi-6095,TOI-6095
157667414,TOI-4576,toi-4576,TOI-4576
157769780,TOI-5735,toi-5735,TOI-5735
157910432,WASP-189,wasp-189,WASP-189
158002130,TOI-1180,toi-1180,TOI-1180
158025009,TOI-1416,toi-1416,TOI-1416
158241252,TOI-4443,toi-4443,TOI-4443
158427808,KOI-4777,koi-4777,KOI-4777
158489095,Kepler-1049,kepler-1049,KEPLER-1049
158489110,Kepler-1948,kepler-1948,KEPLER-1948
158552258,Kepler-1646,kepler-1646,KEPLER-1646
158588995,TOI-674,toi-674,TOI-674
158623531,WASP-105,wasp-105,WASP-105
158983792,Kepler-994,kepler-994,KEPLER-994
158989438,Kepler-1512,kepler-1512,KEPLER-1512
159050852,Kepler-1446,kepler-1446,KEPLER-1446
159376971,Kepler-138,kepler-138,KEPLER-138
159418353,TOI-1739,toi-1739,TOI-1739
159759306,Kepler-220,kepler-220,KEPLER-220
159781361,TOI-2019,toi-2019,TOI-2019
159851831,TOI-5741,toi-5741,TOI-5741
159873822,TOI-2048,toi-2048,TOI-2048
160039081,TOI-2082,toi-2082,TOI-2082
160045097,TOI-1782,toi-1782,TOI-1782
160077104,TOI-2287,toi-2287,TOI-2287
160162137,TOI-5575,toi-5575,TOI-5575
160328683,TOI-2496,toi-2496,TOI-2496
160390955,TOI-3568,toi-3568,TOI-3568
160428500,TOI-7069,toi-7069,TOI-7069
160491359,TOI-2103,toi-2103,TOI-2103
161032923,TOI-1080,toi-1080,TOI-1080
161477033,TOI-553,toi-553,TOI-553
161687209,TOI-7137,toi-7137,TOI-7137
163539739,TOI-1278,toi-1278,TOI-1278
164173105,TOI-1417,toi-1417,TOI-1417
164458714,Kepler-410 A,kepler-410a,KEPLER-410A
164555597,Kepler-732,kepler-732,KEPLER-732
164556761,Kepler-1019,kepler-1019,KEPLER-1019
164557035,Kepler-617,kepler-617,KEPLER-617
164652245,Kepler-37,kepler-37,KEPLER-37
164767175,HIP 8152,hip8152,HIP8152
164832454,Kepler-504,kepler-504,KEPLER-504
165202476,TOI-4666,toi-4666,TOI-4666
165317334,TOI-761,toi-761,TOI-761
165527918,TOI-2101,toi-2101,TOI-2101
165625229,TOI-5705,toi-5705,TOI-5705
165763244,TOI-1805,toi-1805,TOI-1805
165827520,TOI-3494,toi-3494,TOI-3494
166053959,TOI-5383,toi-5383,TOI-5383
166086403,TOI-5387,toi-5387,TOI-5387
166145361,TOI-6599,toi-6599,TOI-6599
166184428,TOI-4336 A,toi-4336a,TOI-4336A
166527623,HIP 67522,hip67522,HIP67522
166648874,TOI-1806,toi-1806,TOI-1806
166671025,TOI-6852,toi-6852,TOI-6852
166739520,WASP-117,wasp-117,WASP-117
166778944,TOI-4662,toi-4662,TOI-4662
166836920,WASP-99,wasp-99,WASP-99
167303382,TOI-802,toi-802,TOI-802
167342439,TOI-707,toi-707,TOI-707
167415965,TOI-214,toi-214,TOI-214
167573692,TOI-6601,toi-6601,TOI-6601
167600516,TOI-713,toi-713,TOI-713
167656187,TOI-6902,toi-6902,TOI-6902
167661160,TOI-2479,toi-2479,TOI-2479
168405330,TOI-2984,toi-2984,TOI-2984
168751223,TOI-2331,toi-2331,TOI-2331
169081296,Kepler-96,kepler-96,KEPLER-96
169226822,WASP-127,wasp-127,WASP-127
170729775,TOI-2449,toi-2449,TOI-2449
170789802,TOI-4508,toi-4508,TOI-4508
172033454,TOI-6065,toi-6065,TOI-6065
172370679,TOI-1899,toi-1899,TOI-1899
173002823,TOI-5710,toi-5710,TOI-5710
173103335,K2-3,k2-3,K2-3
173612049,TOI-1537,toi-1537,TOI-1537
174041208,TOI-1740,toi-1740,TOI-1740
174546820,TOI-4807,toi-4807,TOI-4807
174599051,TOI-970,toi-970,TOI-970
175193677,HD 73344,hd73344,HD73344
175194958,K2-104,k2-104,K2-104
175261852,K2-146,k2-146,K2-146
175262071,K2-102,k2-102,K2-102
175265494,K2-101,k2-101,K2-101
175371068,K2-154,k2-154,K2-154
175456679,TOI-2326,toi-2326,TOI-2326
175482273,TOI-369,toi-369,TOI-369
175532955,TOI-929,toi-929,TOI-929
176780257,TOI-4187,toi-4187,TOI-4187
176860064,TOI-1457,toi-1457,TOI-1457
176868262,K2-156,k2-156,K2-156
176868951,K2-131,k2-131,K2-131
177077336,TOI-723,toi-723,TOI-723
177244357,TOI-1538,toi-1538,TOI-1538
177254988,TOI-4405,toi-4405,TOI-4405
177258735,TOI-801,toi-801,TOI-801
177308364,TOI-2327,toi-2327,TOI-2327
177414713,TOI-2520,toi-2520,TOI-2520
178155732,HR 858,hr858,HR858
178170828,TOI-4401,toi-4401,TOI-4401
178266267,TOI-5539,toi-5539,TOI-5539
178284730,WASP-140,wasp-140,WASP-140
178709444,TOI-762 A,toi-762a,TOI-762A
178819686,TOI-763,toi-763,TOI-763
179034327,TOI-444,toi-444,TOI-444
179442778,TOI-6702,toi-6702,TOI-6702
179985715,TOI-249,toi-249,TOI-249
180695581,TOI-1807,toi-1807,TOI-1807
181804752,LP 791-18,lp791-18,LP791-18
182078202,TOI-4302,toi-4302,TOI-4302
183532609,WASP-8,wasp-8,WASP-8
183537452,WASP-29,wasp-29,WASP-29
183985250,LTT 9779,ltt9779,LTT9779
184892124,TOI-5090,toi-5090,TOI-5090
184914317,K2-264,k2-264,K2-264
186810676,TOI-6303,toi-6303,TOI-6303
186814470,K2-338,k2-338,K2-338
187278212,Wolf 503,wolf503,WOLF503
188570092,HATS-72,hats-72,HATS-72
188589164,GJ 3929,gj3929,GJ3929
188646744,TOI-5807,toi-5807,TOI-5807
188768068,HD 158259,hd158259,HD158259
189013224,TOI-426,toi-426,TOI-426
190271688,TOI-1963,toi-1963,TOI-1963
190721237,TOI-2670,toi-2670,TOI-2670
190990336,TOI-585,toi-585,TOI-585
192790476,TOI-2459,toi-2459,TOI-2459
192943720,TOI-6712,toi-6712,TOI-6712
192988021,TOI-2808,toi-2808,TOI-2808
193023697,TOI-6266,toi-6266,TOI-6266
193336820,TOI-4491,toi-4491,TOI-4491
193641523,TOI-824,toi-824,TOI-824
194736418,TOI-6038,toi-6038,TOI-6038
195187769,TOI-5550,toi-5550,TOI-5550
195193025,K2-95,k2-95,K2-95
196066560,TOI-6077,toi-6077,TOI-6077
197221381,K2-124,k2-124,K2-124
197246627,K2-343,k2-343,K2-343
197249801,K2-123,k2-123,K2-123
197604890,TOI-7103,toi-7103,TOI-7103
197807778,TOI-4402,toi-4402,TOI-4402
198108326,HAT-P-12,hat-p-12,HAT-P-12
198153540,TOI-1798,toi-1798,TOI-1798
198162530,TOI-5738,toi-5738,TOI-5738
198187049,TOI-2069,toi-2069,TOI-2069
198206613,TOI-1741,toi-1741,TOI-1741
198212955,TOI-1242,toi-1242,TOI-1242
198241702,TOI-1269,toi-1269,TOI-1269
198356533,TOI-1437,toi-1437,TOI-1437
198385543,TOI-1846,toi-1846,TOI-1846
198390247,TOI-1453,toi-1453,TOI-1453
198456933,TOI-2276,toi-2276,TOI-2276
198458010,TOI-6067,toi-6067,TOI-6067
198485881,TOI-2257,toi-2257,TOI-2257
198512478,TOI-5392,toi-5392,TOI-5392
199376584,HD 332231,hd332231,HD332231
199444169,TOI-1410,toi-1410,TOI-1410
199712572,TOI-6082,toi-6082,TOI-6082
200322593,TOI-540,toi-540,TOI-540
200723869,TOI-257,toi-257,TOI-257
201186294,TOI-1634,toi-1634,TOI-1634
201248411,HIP 65 A,hip65a,HIP65A
201254754,TOI-6858,toi-6858,TOI-6858
201793781,TOI-248,toi-248,TOI-248
202185707,TOI-4325,toi-4325,TOI-4325
202283090,TOI-6218,toi-6218,TOI-6218
202426247,TOI-1860,toi-1860,TOI-1860
203214081,G 9-40,g9-40,G9-40
203289099,K2-344,k2-344,K2-344
203377303,TOI-3493,toi-3493,TOI-3493
204376737,WASP-6,wasp-6,WASP-6
207081058,TOI-121,toi-121,TOI-121
207141131,HD 18599,hd18599,HD18599
207238953,TOI-4407,toi-4407,TOI-4407
207339000,TOI-4427,toi-4427,TOI-4427
207425167,TOI-1812,toi-1812,TOI-1812
207468071,TOI-1836,toi-1836,TOI-1836
208297760,TOI-4417,toi-4417,TOI-4417
209464063,TOI-5678,toi-5678,TOI-5678
210873792,TOI-900,toi-900,TOI-900
210904767,TOI-7038,toi-7038,TOI-7038
212253390,TOI-2211,toi-2211,TOI-2211
212957629,TOI-2406,toi-2406,TOI-2406
213111428,TOI-5023,toi-5023,TOI-5023
214361331,TOI-901,toi-901,TOI-901
218354669,TOI-5553,toi-5553,TOI-5553
218795833,TOI-519,toi-519,TOI-519
219041246,TOI-5713,toi-5713,TOI-5713
219175972,TOI-2441,toi-2441,TOI-2441
219195044,TOI-714,toi-714,TOI-714
219229644,TOI-870,toi-870,TOI-870
219338557,TOI-133,toi-133,TOI-133
219344917,TOI-871,toi-871,TOI-871
219436394,TOI-2100,toi-2100,TOI-2100
219501568,TOI-2259,toi-2259,TOI-2259
219508169,TOI-2016,toi-2016,TOI-2016
219697927,TOI-6066,toi-6066,TOI-6066
219698776,TOI-1243,toi-1243,TOI-1243
219707850,TOI-7003,toi-7003,TOI-7003
219742885,TOI-4580,toi-4580,TOI-4580
219776325,TOI-1610,toi-1610,TOI-1610
219850915,TOI-1244,toi-1244,TOI-1244
219852882,TOI-1346,toi-1346,TOI-1346
219857012,TOI-1742,toi-1742,TOI-1742
219860288,TOI-1743,toi-1743,TOI-1743
219875976,TOI-5728,toi-5728,TOI-5728
220414682,TOI-4558,toi-4558,TOI-4558
220459826,TOI-872,toi-872,TOI-872
220459976,TOI-285,toi-285,TOI-285
220479565,TOI-269,toi-269,TOI-269
220604190,K2-365,k2-365,K2-365
221861843,TOI-3486,toi-3486,TOI-3486
224225541,TOI-251,toi-251,TOI-251
224297258,TOI-1279,toi-1279,TOI-1279
224297408,TOI-5733,toi-5733,TOI-5733
224298134,TOI-2079,toi-2079,TOI-2079
224596152,TOI-1734,toi-1734,TOI-1734
229111835,TOI-302,toi-302,TOI-302
229408913,TOI-4114,toi-4114,TOI-4114
229455001,TOI-1744,toi-1744,TOI-1744
229586455,TOI-1887,toi-1887,TOI-1887
229618478,TOI-5737,toi-5737,TOI-5737
229650439,TOI-1438,toi-1438,TOI-1438
229747848,TOI-1347,toi-1347,TOI-1347
229781583,TOI-1245,toi-1245,TOI-1245
229786610,TOI-4113,toi-4113,TOI-4113
229938290,TOI-1783,toi-1783,TOI-1783
229944666,TOI-1464,toi-1464,TOI-1464
230017324,TOI-1280,toi-1280,TOI-1280
230055368,TOI-5720,toi-5720,TOI-5720
230064711,TOI-5991,toi-5991,TOI-5991
230075227,TOI-2077,toi-2077,TOI-2077
230084146,TOI-4109,toi-4109,TOI-4109
230087765,TOI-5740,toi-5740,TOI-5740
230127302,TOI-1246,toi-1246,TOI-1246
230377505,TOI-1706,toi-1706,TOI-1706
230982415,TOI-6848,toi-6848,TOI-6848
230982885,WASP-97,wasp-97,WASP-97
231297123,TOI-2405,toi-2405,TOI-2405
231702397,TOI-122,toi-122,TOI-122
231728511,TOI-864,toi-864,TOI-864
231912935,TOI-215,toi-215,TOI-215
232025086,TOI-874,toi-874,TOI-874
232540264,HD 135694,hd135694,HD135694
232568235,TOI-2260,toi-2260,TOI-2260
232612416,TOI-1248,toi-1248,TOI-1248
232624234,TOI-5611,toi-5611,TOI-5611
232632239,TOI-4107,toi-4107,TOI-4107
232635922,TOI-1745,toi-1745,TOI-1745
232650365,TOI-1746,toi-1746,TOI-1746
232967440,TOI-1173,toi-1173,TOI-1173
232971294,TOI-1281,toi-1281,TOI-1281
232976128,TOI-1249,toi-1249,TOI-1249
233009109,TOI-1737,toi-1737,TOI-1737
233071822,TOI-1747,toi-1747,TOI-1747
233071926,TOI-1748,toi-1748,TOI-1748
233087860,TOI-1184,toi-1184,TOI-1184
233120979,TOI-1251,toi-1251,TOI-1251
233182695,TOI-2070,toi-2070,TOI-2070
233211762,TOI-1252,toi-1252,TOI-1252
233500935,TOI-2297,toi-2297,TOI-2297
233602827,TOI-1749,toi-1749,TOI-1749
233633993,TOI-2083,toi-2083,TOI-2083
233688779,TOI-2254,toi-2254,TOI-2254
233951353,TOI-1441,toi-1441,TOI-1441
233964642,TOI-334,toi-334,TOI-334
234345288,TOI-213,toi-213,TOI-213
234388232,TOI-5088,toi-5088,TOI-5088
234523599,HATS-71,hats-71,HATS-71
234832821,TOI-2590,toi-2590,TOI-2590
234994474,L 168-9,l168-9,L168-9
235678745,TOI-2095,toi-2095,TOI-2095
235683377,TOI-1442,toi-1442,TOI-1442
236312126,XO-1,xo-1,XO-1
236387002,TOI-2119,toi-2119,TOI-2119
236714379,TOI-1254,toi-1254,TOI-1254
236887394,Qatar-1,qatar-1,QATAR-1
236934937,TOI-2291,toi-2291,TOI-2291
237086564,TOI-1466,toi-1466,TOI-1466
237099296,TOI-1750,toi-1750,TOI-1750
237222864,HIP 97166,hip97166,HIP97166
237232044,TOI-1443,toi-1443,TOI-1443
237332812,TOI-4352,toi-4352,TOI-4352
237914496,TOI-702,toi-702,TOI-702
237920046,TOI-873,toi-873,TOI-873
237924601,TOI-252,toi-252,TOI-252
237928815,TOI-703,toi-703,TOI-703
238004786,TOI-539,toi-539,TOI-539
238086647,TOI-510,toi-510,TOI-510
238164799,TOI-4362,toi-4362,TOI-4362
238176110,WASP-91,wasp-91,WASP-91
238317637,TOI-6459,toi-6459,TOI-6459
238608004,K2-345,k2-345,K2-345
238898571,TOI-863,toi-863,TOI-863
239275865,Kepler-560,kepler-560,KEPLER-560
239332587,GJ 806,gj806,GJ806
239823606,TOI-6061,toi-6061,TOI-6061
240766850,K2-21,k2-21,K2-21
240823272,TOI-3693,toi-3693,TOI-3693
240968774,TOI-1467,toi-1467,TOI-1467
241196395,TOI-1784,toi-1784,TOI-1784
241225337,TOI-1727,toi-1727,TOI-1727
241442273,TOI-4626,toi-4626,TOI-4626
242988068,K2-83,k2-83,K2-83
243014114,K2-174,k2-174,K2-174
243185500,TOI-1468,toi-1468,TOI-1468
243200602,WASP-130,wasp-130,WASP-130
243208884,TOI-6964,toi-6964,TOI-6964
243244680,EPIC 211945201,epic211945201,EPIC211945201
243271945,Kepler-296,kepler-296,KEPLER-296
243313296,TOI-2278,toi-2278,TOI-2278
243641947,TOI-3235,toi-3235,TOI-3235
243921117,WASP-80,wasp-80,WASP-80
244089109,WASP-74,wasp-74,WASP-74
244161191,TOI-278,toi-278,TOI-278
244170332,TOI-5530,toi-5530,TOI-5530
246965431,TOI-5319,toi-5319,TOI-5319
247166992,TOI-5491,toi-5491,TOI-5491
247906954,TOI-5125,toi-5125,TOI-5125
248075138,WASP-42,wasp-42,WASP-42
248250955,TOI-4552,toi-4552,TOI-4552
248387177,TOI-2425,toi-2425,TOI-2425
248769312,TOI-7063,toi-7063,TOI-7063
248853232,WASP-69,wasp-69,WASP-69
250111245,TOI-5293 A,toi-5293a,TOI-5293A
250330564,TOI-5285,toi-5285,TOI-5285
251039147,TOI-4537,toi-4537,TOI-4537
251848941,TOI-178,toi-178,TOI-178
252469648,TOI-5605,toi-5605,TOI-5605
252479260,HAT-P-22,hat-p-22,HAT-P-22
252928337,TOI-5579,toi-5579,TOI-5579
253864764,TOI-6678,toi-6678,TOI-6678
254113311,TOI-1130,toi-1130,TOI-1130
255560319,TOI-6703,toi-6703,TOI-6703
255685030,TOI-799,toi-799,TOI-799
255930614,HD 149026,hd149026,HD149026
256364928,HD 189733,hd189733,HD189733
256576519,TOI-6290,toi-6290,TOI-6290
256783784,TOI-1432,toi-1432,TOI-1432
257241363,TOI-1718,toi-1718,TOI-1718
257436461,K2-209,k2-209,K2-209
257605131,TOI-451,toi-451,TOI-451
257774438,K2-222,k2-222,K2-222
258037656,TOI-5879,toi-5879,TOI-5879
258514800,TOI-1444,toi-1444,TOI-1444
258738667,TOI-5950,toi-5950,TOI-5950
258796169,TOI-4616,toi-4616,TOI-4616
258804746,TOI-2431,toi-2431,TOI-2431
259168516,TOI-1680,toi-1680,TOI-1680
259233660,TOI-6000,toi-6000,TOI-6000
259330386,TOI-6992,toi-6992,TOI-6992
259377017,TOI-270,toi-270,TOI-270
259511357,TOI-271,toi-271,TOI-271
260004324,LHS 1815,lhs1815,LHS1815
260304296,TOI-187,toi-187,TOI-187
260417932,TOI-932,toi-932,TOI-932
260647166,HD 108236,hd108236,HD108236
260708537,GJ 238,gj238,GJ238
261108236,TOI-1082,toi-1082,TOI-1082
261135533,TOI-6255,toi-6255,TOI-6255
261136679,HD 39091,hd39091,HD39091
261257684,TOI-904,toi-904,TOI-904
261264800,TOI-6714,toi-6714,TOI-6714
261867566,TOI-905,toi-905,TOI-905
262258341,TOI-2481,toi-2481,TOI-2481
262499797,TOI-4858,toi-4858,TOI-4858
262530407,GJ 3090,gj3090,GJ3090
262584907,TOI-6837,toi-6837,TOI-6837
262689575,TOI-5961,toi-5961,TOI-5961
262715204,K2-285,k2-285,K2-285
262880065,TOI-2256,toi-2256,TOI-2256
262928973,TOI-6901,toi-6901,TOI-6901
263003176,HD 5278,hd5278,HD5278
263218688,TOI-4493,toi-4493,TOI-4493
264173803,TOI-4099,toi-4099,TOI-4099
264301607,TOI-5278,toi-5278,TOI-5278
264678534,HD 207897,hd207897,HD207897
264979636,TOI-518,toi-518,TOI-518
265460043,TOI-2272,toi-2272,TOI-2272
266023807,TOI-5978,toi-5978,TOI-5978
266500992,TOI-1655,toi-1655,TOI-1655
266593143,HAT-P-17,hat-p-17,HAT-P-17
266980320,HD 219666,hd219666,HD219666
267215820,TOI-5300,toi-5300,TOI-5300
267263253,HD 2685,hd2685,HD2685
267574918,WD 1856+534,wd1856+534,WD1856+534
268060194,Kepler-445,kepler-445,KEPLER-445
268159861,Kepler-186,kepler-186,KEPLER-186
268334473,TOI-1691,toi-1691,TOI-1691
268405086,TOI-5574,toi-5574,TOI-5574
268727719,TOI-7173,toi-7173,TOI-7173
269217040,KELT-10,kelt-10,KELT-10
269238073,TOI-1520,toi-1520,TOI-1520
269243313,TOI-5825,toi-5825,TOI-5825
269341832,TOI-6098,toi-6098,TOI-6098
269701147,HD 191939,hd191939,HD191939
269728501,TOI-4566,toi-4566,TOI-4566
269849065,TOI-6708,toi-6708,TOI-6708
270341214,TOI-173,toi-173,TOI-173
270355392,TOI-4643,toi-4643,TOI-4643
270380593,WASP-156,wasp-156,WASP-156
270619260,Kepler-409,kepler-409,KEPLER-409
270701667,Kepler-78,kepler-78,KEPLER-78
270716565,TOI-4728,toi-4728,TOI-4728
270955259,Kepler-1314,kepler-1314,KEPLER-1314
271169413,TOI-4559,toi-4559,TOI-4559
271354634,Kepler-378,kepler-378,KEPLER-378
271478281,TOI-2194,toi-2194,TOI-2194
271596225,TOI-797,toi-797,TOI-797
271971130,TOI-715,toi-715,TOI-715
272167060,TOI-3495,toi-3495,TOI-3495
272635712,TOI-1349,toi-1349,TOI-1349
272679240,TOI-2275,toi-2275,TOI-2275
272768631,TOI-6659,toi-6659,TOI-6659
272782368,TOI-5985,toi-5985,TOI-5985
272829240,TOI-7125,toi-7125,TOI-7125
272942100,Kepler-249,kepler-249,KEPLER-249
273035189,Kepler-1716,kepler-1716,KEPLER-1716
273502299,Kepler-1650,kepler-1650,KEPLER-1650
273873718,Kepler-125,kepler-125,KEPLER-125
273985865,TOI-1208,toi-1208,TOI-1208
274151135,TOI-1105,toi-1105,TOI-1105
274215536,TOI-1701,toi-1701,TOI-1701
276128561,TOI-829,toi-829,TOI-829
276250096,TOI-6243,toi-6243,TOI-6243
277634430,TOI-771,toi-771,TOI-771
277683130,TOI-138,toi-138,TOI-138
277697921,TOI-5161,toi-5161,TOI-5161
277833995,K2-321,k2-321,K2-321
277853911,TOI-7123,toi-7123,TOI-7123
277869696,K2-322,k2-322,K2-322
278683844,TOI-119,toi-119,TOI-119
278866211,TOI-189,toi-189,TOI-189
278892590,TRAPPIST-1,trappist-1,TRAPPIST-1
279095914,TOI-4675,toi-4675,TOI-4675
279741379,GJ 143,gj143,GJ143
280095254,TOI-235,toi-235,TOI-235
280206394,TOI-677,toi-677,TOI-677
280304863,CoRoT-7,corot-7,COROT-7
280437559,TOI-969,toi-969,TOI-969
280803800,TOI-4410,toi-4410,TOI-4410
281100535,TOI-5687,toi-5687,TOI-5687
281118572,TOI-5834,toi-5834,TOI-5834
281408474,TOI-628,toi-628,TOI-628
281575427,TOI-205,toi-205,TOI-205
281596890,TOI-6857,toi-6857,TOI-6857
281748980,K2-320,k2-320,K2-320
281781375,TOI-204,toi-204,TOI-204
281837575,TOI-5143,toi-5143,TOI-5143
282576340,TOI-2494,toi-2494,TOI-2494
282940781,TOI-5655,toi-5655,TOI-5655
283621618,TOI-5806,toi-5806,TOI-5806
283722336,HD 219134,hd219134,HD219134
283829553,TOI-2301,toi-2301,TOI-2301
283884522,TOI-6652,toi-6652,TOI-6652
284206913,TOI-3972,toi-3972,TOI-3972
284326455,HAT-P-54,hat-p-54,HAT-P-54
284441182,TOI-1470,toi-1470,TOI-1470
284900292,TOI-5987,toi-5987,TOI-5987
285048486,TOI-1728,toi-1728,TOI-1728
285466025,TOI-6032,toi-6032,TOI-6032
285505979,TOI-6299,toi-6299,TOI-6299
286201103,TOI-6008,toi-6008,TOI-6008
286696849,TOI-4646,toi-4646,TOI-4646
286712787,TOI-5159,toi-5159,TOI-5159
286763141,TOI-6284,toi-6284,TOI-6284
286813592,TOI-5709,toi-5709,TOI-5709
286864983,TOI-772,toi-772,TOI-772
286916251,TOI-1794,toi-1794,TOI-1794
286923464,HD 118203,hd118203,HD118203
287080092,TOI-1751,toi-1751,TOI-1751
287139872,TOI-1752,toi-1752,TOI-1752
287152495,TOI-6253,toi-6253,TOI-6253
287156968,TOI-1230,toi-1230,TOI-1230
287225295,TOI-1769,toi-1769,TOI-1769
287256467,TOI-2141,toi-2141,TOI-2141
287333762,K2-110,k2-110,K2-110
287591638,TOI-3585,toi-3585,TOI-3585
287959034,TOI-5677,toi-5677,TOI-5677
288132261,TOI-1258,toi-1258,TOI-1258
288144647,TOI-6223,toi-6223,TOI-6223
288421619,TOI-7166,toi-7166,TOI-7166
288631580,TOI-1659,toi-1659,TOI-1659
288735205,TOI-1259 A,toi-1259a,TOI-1259A
289164482,TOI-2274,toi-2274,TOI-2274
289218489,TOI-7070,toi-7070,TOI-7070
289590465,TOI-2102,toi-2102,TOI-2102
289666986,TOI-5775,toi-5775,TOI-5775
290131778,HD 202772 A,hd202772a,HD202772A
290348383,HD 207496,hd207496,HD207496
291013124,TOI-6783,toi-6783,TOI-6783
291090078,K2-17,k2-17,K2-17
291109653,TOI-5486,toi-5486,TOI-5486
292202337,K2-406,k2-406,K2-406
292852583,TOI-6318,toi-6318,TOI-6318
293435336,WASP-76,wasp-76,WASP-76
293547742,TOI-6263,toi-6263,TOI-6263
293954617,HD 235088,hd235088,HD235088
294471966,TOI-1446,toi-1446,TOI-1446
294781547,TOI-1218,toi-1218,TOI-1218
295541511,TOI-1117,toi-1117,TOI-1117
295593712,TOI-4418,toi-4418,TOI-4418
296739893,TOI-620,toi-620,TOI-620
296780789,TOI-573,toi-573,TOI-573
297373047,K2-286,k2-286,K2-286
297967252,TOI-1025,toi-1025,TOI-1025
298070500,TOI-5395,toi-5395,TOI-5395
298074836,TOI-5716,toi-5716,TOI-5716
298297931,TOI-4492,toi-4492,TOI-4492
298372701,TOI-906,toi-906,TOI-906
298428237,TOI-4574,toi-4574,TOI-4574
298437387,TOI-5629,toi-5629,TOI-5629
298495970,TOI-2157,toi-2157,TOI-2157
298600443,TOI-5391,toi-5391,TOI-5391
298647682,TOI-1643,toi-1643,TOI-1643
298981199,TOI-2470,toi-2470,TOI-2470
299158887,Kepler-63,kepler-63,KEPLER-63
299798795,TOI-1224,toi-1224,TOI-1224
299799658,TOI-1062,toi-1062,TOI-1062
300293197,TOI-211,toi-211,TOI-211
300579472,TOI-4186,toi-4186,TOI-4186
300604770,TOI-2626,toi-2626,TOI-2626
300710077,TOI-789,toi-789,TOI-789
300812741,TOI-2322,toi-2322,TOI-2322
301132473,K2-416,k2-416,K2-416
301160638,TOI-3487,toi-3487,TOI-3487
301235044,K2-141,k2-141,K2-141
301289516,GJ 9827,gj9827,GJ9827
302201081,TOI-6199,toi-6199,TOI-6199
302527524,TOI-2952,toi-2952,TOI-2952
302773669,HD 17156,hd17156,HD17156
302798365,TOI-2946,toi-2946,TOI-2946
302908969,TOI-5595,toi-5595,TOI-5595
303204165,TOI-4647,toi-4647,TOI-4647
303432813,TOI-5076,toi-5076,TOI-5076
303456821,TOI-5941,toi-5941,TOI-5941
303523128,TOI-5078,toi-5078,TOI-5078
304100538,TOI-1116,toi-1116,TOI-1116
304142124,HD 95338,hd95338,HD95338
304690618,TOI-6655,toi-6655,TOI-6655
305048087,TOI-237,toi-237,TOI-237
305506996,TOI-5916,toi-5916,TOI-5916
306204904,TOI-5310,toi-5310,TOI-5310
306263608,HIP 9618,hip9618,HIP9618
306362738,WASP-49,wasp-49,WASP-49
306485267,TOI-4637,toi-4637,TOI-4637
306955329,TOI-1472,toi-1472,TOI-1472
306996324,TOI-776,toi-776,TOI-776
307079330,TOI-4301,toi-4301,TOI-4301
307210830,L 98-59,l98-59,L98-59
307610438,TOI-831,toi-831,TOI-831
307733361,K2-100,k2-100,K2-100
307809773,HD 260655,hd260655,HD260655
307849973,TOI-4567,toi-4567,TOI-4567
308120029,TOI-6330,toi-6330,TOI-6330
308300731,TOI-5743,toi-5743,TOI-5743
308994098,TOI-790,toi-790,TOI-790
309791156,TOI-533,toi-533,TOI-533
310009611,TOI-740,toi-740,TOI-740
310231275,TOI-2265,toi-2265,TOI-2265
310294189,TOI-3498,toi-3498,TOI-3498
310380289,TOI-5736,toi-5736,TOI-5736
311035838,HAT-P-3,hat-p-3,HAT-P-3
311130133,TOI-4318,toi-4318,TOI-4318
311133118,Qatar-6,qatar-6,QATAR-6
311736478,TOI-4979,toi-4979,TOI-4979
312862941,TOI-1638,toi-1638,TOI-1638
313006381,TOI-4631,toi-4631,TOI-4631
313425396,TOI-5393,toi-5393,TOI-5393
313675203,TOI-4367,toi-4367,TOI-4367
314865962,TOI-208,toi-208,TOI-208
316416562,TOI-5630,toi-5630,TOI-5630
316468545,TOI-2050,toi-2050,TOI-2050
316769613,TOI-314,toi-314,TOI-314
317060587,TOI-1052,toi-1052,TOI-1052
317134140,TOI-2514,toi-2514,TOI-2514
317548889,TOI-480,toi-480,TOI-480
317597583,TOI-1630,toi-1630,TOI-1630
318022259,TOI-1730,toi-1730,TOI-1730
318180448,TOI-5033,toi-5033,TOI-5033
318696424,WASP-38,wasp-38,WASP-38
318707987,HD 3167,hd3167,HD3167
318753380,TOI-2443,toi-2443,TOI-2443
318836983,TOI-5532,toi-5532,TOI-5532
318937509,TOI-516,toi-516,TOI-516
319473643,TOI-2739,toi-2739,TOI-2739
319684122,TOI-5783,toi-5783,TOI-5783
320004517,HD 183579,hd183579,HD183579
320079492,TOI-1967,toi-1967,TOI-1967
320847025,TOI-6978,toi-6978,TOI-6978
321041369,TOI-1681,toi-1681,TOI-1681
321578632,TOI-6059,toi-6059,TOI-6059
321669174,TOI-2081,toi-2081,TOI-2081
321688498,TOI-2290,toi-2290,TOI-2290
322063810,TOI-253,toi-253,TOI-253
322270620,TOI-1083,toi-1083,TOI-1083
322807675,TOI-2398,toi-2398,TOI-2398
323132914,TOI-1057,toi-1057,TOI-1057
323687123,K2-415,k2-415,K2-415
324609476,TOI-5041,toi-5041,TOI-5041
325647810,TOI-6600,toi-6600,TOI-6600
325682877,TOI-4363,toi-4363,TOI-4363
326386495,TOI-4424,toi-4424,TOI-4424
327301957,TOI-1074,toi-1074,TOI-1074
328081248,TOI-5799,toi-5799,TOI-5799
328350926,TOI-392,toi-392,TOI-392
328513434,TOI-6383,toi-6383,TOI-6383
328933398,TOI-1873,toi-1873,TOI-1873
328934980,TOI-5739,toi-5739,TOI-5739
329148988,TOI-2285,toi-2285,TOI-2285
329277372,TOI-1421,toi-1421,TOI-1421
329981856,TOI-7039,toi-7039,TOI-7039
330218897,TOI-5819,toi-5819,TOI-5819
330621494,K2-332,k2-332,K2-332
331484419,TOI-5811,toi-5811,TOI-5811
331691841,TOI-5947,toi-5947,TOI-5947
332022997,K2-275,k2-275,K2-275
332064670,55 Cnc,55cnc,55CNC
332383229,TOI-6438,toi-6438,TOI-6438
332477926,TOI-1754,toi-1754,TOI-1754
332715376,TOI-4354,toi-4354,TOI-4354
333473672,TOI-1422,toi-1422,TOI-1422
333605244,K2-203,k2-203,K2-203
333657795,HD 20329,hd20329,HD20329
333674399,TOI-4511,toi-4511,TOI-4511
334305570,TOI-777,toi-777,TOI-777
335322931,K2-318,k2-318,K2-318
335499997,TOI-680,toi-680,TOI-680
335540507,TOI-5526,toi-5526,TOI-5526
335590096,TOI-4860,toi-4860,TOI-4860
335630746,TOI-778,toi-778,TOI-778
335813325,TOI-5708,toi-5708,TOI-5708
335813590,TOI-5627,toi-5627,TOI-5627
336075472,TOI-4632,toi-4632,TOI-4632
336128819,TOI-2136,toi-2136,TOI-2136
336255880,TOI-6091,toi-6091,TOI-6091
336266673,Kepler-438,kepler-438,KEPLER-438
336961891,TOI-4642,toi-4642,TOI-4642
337217173,TOI-7049,toi-7049,TOI-7049
337385330,TOI-5112,toi-5112,TOI-5112
337632006,EPIC 211822797,epic211822797,EPIC211822797
339672028,TOI-481,toi-481,TOI-481
339961200,TOI-724,toi-724,TOI-724
341405597,TOI-6699,toi-6699,TOI-6699
341815197,TOI-2089,toi-2089,TOI-2089
342642208,TOI-2158,toi-2158,TOI-2158
343019899,TOI-1386,toi-1386,TOI-1386
343628284,TOI-1448,toi-1448,TOI-1448
343774169,TOI-7163,toi-7163,TOI-7163
344034178,TOI-6679,toi-6679,TOI-6679
344552721,TOI-6776,toi-6776,TOI-6776
344927749,TOI-6265,toi-6265,TOI-6265
345034874,K2-400,k2-400,K2-400
345143460,TOI-1533,toi-1533,TOI-1533
345450130,TOI-5525,toi-5525,TOI-5525
346250894,HD 137496,hd137496,HD137496
346338552,HAT-P-1,hat-p-1,HAT-P-1
346855283,TOI-6646,toi-6646,TOI-6646
347332255,HD 110067,hd110067,HD110067
347430350,WASP-14,wasp-14,WASP-14
348538431,TOI-507,toi-507,TOI-507
348755728,TOI-1883,toi-1883,TOI-1883
349488688,HD 152843,hd152843,HD152843
349827430,KELT-24,kelt-24,KELT-24
349829627,TOI-788,toi-788,TOI-788
350020859,HD 89345,hd89345,HD89345
350023518,TOI-5169,toi-5169,TOI-5169
350033870,TOI-5177,toi-5177,TOI-5177
350132371,TOI-1425,toi-1425,TOI-1425
350153977,TOI-908,toi-908,TOI-908
350293646,WASP-84,wasp-84,WASP-84
350348197,TOI-5108,toi-5108,TOI-5108
350584963,TOI-787,toi-787,TOI-787
350618622,TOI-201,toi-201,TOI-201
350733403,TOI-6998,toi-6998,TOI-6998
350861689,TOI-6851,toi-6851,TOI-6851
351601843,TOI-1075,toi-1075,TOI-1075
352147273,TOI-6225,toi-6225,TOI-6225
352229268,TOI-4419,toi-4419,TOI-4419
352413427,HD 6061,hd6061,HD6061
352682207,TOI-4010,toi-4010,TOI-4010
352764091,TOI-1287,toi-1287,TOI-1287
353146308,TOI-5873,toi-5873,TOI-5873
353459965,HAT-P-15,hat-p-15,HAT-P-15
353475866,TOI-1693,toi-1693,TOI-1693
353782445,TOI-1664,toi-1664,TOI-1664
353893493,TOI-6310,toi-6310,TOI-6310
354173595,TOI-5974,toi-5974,TOI-5974
354518617,TOI-2540,toi-2540,TOI-2540
354519019,TOI-2507,toi-2507,TOI-2507
354619337,MASCARA-1,mascara-1,MASCARA-1
354727907,TOI-5836,toi-5836,TOI-5836
354944123,TOI-4342,toi-4342,TOI-4342
355867695,TOI-1260,toi-1260,TOI-1260
355895977,TOI-6661,toi-6661,TOI-6661
356016119,TOI-2094,toi-2094,TOI-2094
356158613,TOI-1449,toi-1449,TOI-1449
356311210,TOI-1261,toi-1261,TOI-1261
356473034,XO-2 N,xo-2n,XO-2N
356867115,TOI-1301,toi-1301,TOI-1301
356871098,TOI-5983,toi-5983,TOI-5983
356916207,TOI-6044,toi-6044,TOI-6044
357501308,TOI-2018,toi-2018,TOI-2018
358253047,TOI-4351,toi-4351,TOI-4351
358516596,KELT-8,kelt-8,KELT-8
359271092,TOI-741,toi-741,TOI-741
359357695,TOI-1880,toi-1880,TOI-1880
360156606,TOI-1227,toi-1227,TOI-1227
360630575,HD 109833,hd109833,HD109833
360714300,TOI-3359,toi-3359,TOI-3359
361344753,TOI-6595,toi-6595,TOI-6595
362103298,TOI-4573,toi-4573,TOI-4573
362249359,TOI-833,toi-833,TOI-833
363445121,K2-36,k2-36,K2-36
364074068,TOI-1756,toi-1756,TOI-1756
364186197,TOI-1408,toi-1408,TOI-1408
364267778,TOI-6813,toi-6813,TOI-6813
364393429,TOI-1207,toi-1207,TOI-1207
365673804,TOI-1735,toi-1735,TOI-1735
365733349,TOI-1288,toi-1288,TOI-1288
365938305,TOI-1262,toi-1262,TOI-1262
366443426,HIP 41378,hip41378,HIP41378
366484980,K2-330,k2-330,K2-330
366631954,K2-182,k2-182,K2-182
366989877,TOI-1054,toi-1054,TOI-1054
367366318,KELT-7,kelt-7,KELT-7
367434266,TOI-5458,toi-5458,TOI-5458
367630162,TOI-2104,toi-2104,TOI-2104
367739494,TOI-2080,toi-2080,TOI-2080
367753709,TOI-1757,toi-1757,TOI-1757
367858035,TOI-1758,toi-1758,TOI-1758
368287008,TOI-2015,toi-2015,TOI-2015
368435330,HD 93963 A,hd93963a,HD93963A
368628986,TOI-6983,toi-6983,TOI-6983
369327947,LHS 475,lhs475,LHS475
369376388,TOI-2486,toi-2486,TOI-2486
369457671,TOI-168,toi-168,TOI-168
369477998,TOI-5307,toi-5307,TOI-5307
369768787,TOI-4554,toi-4554,TOI-4554
370009806,TOI-6282,toi-6282,TOI-6282
370133522,GJ 1252,gj1252,GJ1252
370877263,TOI-6280,toi-6280,TOI-6280
370907864,TOI-5998,toi-5998,TOI-5998
371188886,TOI-2000,toi-2000,TOI-2000
371443216,MASCARA-4,mascara-4,MASCARA-4
372207328,TOI-6324,toi-6324,TOI-6324
372759746,TOI-4575,toi-4575,TOI-4575
373844472,TOI-275,toi-275,TOI-275
374158843,TOI-3086,toi-3086,TOI-3086
374180079,K2-266,k2-266,K2-266
374339566,K2-239,k2-239,K2-239
374530847,WASP-2,wasp-2,WASP-2
374829238,TOI-785,toi-785,TOI-785
374908396,TOI-6621,toi-6621,TOI-6621
375059587,TOI-786,toi-786,TOI-786
375506058,TOI-1431,toi-1431,TOI-1431
375542276,TOI-1163,toi-1163,TOI-1163
376353509,TOI-1648,toi-1648,TOI-1648
376354189,TOI-7156,toi-7156,TOI-7156
376524552,TOI-1811,toi-1811,TOI-1811
376867898,TOI-7064,toi-7064,TOI-7064
376879419,K2-150,k2-150,K2-150
376936928,K2-151,k2-151,K2-151
377024332,TOI-6876,toi-6876,TOI-6876
377064495,TOI-561,toi-561,TOI-561
377097547,TOI-5507,toi-5507,TOI-5507
377293776,TOI-1450 A,toi-1450a,TOI-1450A
377780790,Kepler-10,kepler-10,KEPLER-10
378390325,TOI-5805,toi-5805,TOI-5805
380619414,WASP-85 A,wasp-85a,WASP-85A
380671216,TOI-5495,toi-5495,TOI-5495
380783252,TOI-1059,toi-1059,TOI-1059
380884709,TOI-6831,toi-6831,TOI-6831
380887434,TOI-4527,toi-4527,TOI-4527
381714186,TOI-1839,toi-1839,TOI-1839
381856447,WASP-145 A,wasp-145a,WASP-145A
382391899,WASP-50,wasp-50,WASP-50
382602147,TOI-2384,toi-2384,TOI-2384
382626661,TOI-283,toi-283,TOI-283
382980571,TOI-1943,toi-1943,TOI-1943
383313006,TOI-6758,toi-6758,TOI-6758
383390264,HD 110082,hd110082,HD110082
384888319,TOI-4529,toi-4529,TOI-4529
384984325,TOI-6109,toi-6109,TOI-6109
387260717,TOI-1621,toi-1621,TOI-1621
387294150,TOI-6904,toi-6904,TOI-6904
387423096,TOI-4644,toi-4644,TOI-4644
387690507,TOI-530,toi-530,TOI-530
387974148,TOI-5551,toi-5551,TOI-5551
388076422,TOI-6034,toi-6034,TOI-6034
388505345,TOI-6246,toi-6246,TOI-6246
388801714,K2-210,k2-210,K2-210
388804061,K2-18,k2-18,K2-18
388811663,K2-212,k2-212,K2-212
388909695,TOI-5812,toi-5812,TOI-5812
389040826,TOI-5511,toi-5511,TOI-5511
389070884,TOI-911,toi-911,TOI-911
389352124,WASP-7,wasp-7,WASP-7
389753172,TOI-319,toi-319,TOI-319
389900760,TOI-2120,toi-2120,TOI-2120
390151888,TOI-6543,toi-6543,TOI-6543
390651552,GJ 486,gj486,GJ486
391903064,TOI-3353,toi-3353,TOI-3353
391904697,TOI-705,toi-705,TOI-705
391949880,TOI-128,toi-128,TOI-128
392469577,K2-190,k2-190,K2-190
392681545,TOI-6054,toi-6054,TOI-6054
392817207,K2-324,k2-324,K2-324
392852196,K2-323,k2-323,K2-323
393495970,WASP-104,wasp-104,WASP-104
393546540,TOI-5696,toi-5696,TOI-5696
393818343,TIC 393818343,tic393818343,TIC393818343
393965778,TOI-2092,toi-2092,TOI-2092
394137592,HD 1397,hd1397,HD1397
394172596,Kepler-444,kepler-444,KEPLER-444
394357918,TOI-4184,toi-4184,TOI-4184
394672497,TOI-3485,toi-3485,TOI-3485
396234347,TOI-6026,toi-6026,TOI-6026
396356111,TOI-2056,toi-2056,TOI-2056
396562848,LHS 1478,lhs1478,LHS1478
396740648,TOI-1694,toi-1694,TOI-1694
396932137,TOI-5521,toi-5521,TOI-5521
397056271,K2-153,k2-153,K2-153
397362481,TOI-6276,toi-6276,TOI-6276
397522142,TOI-4973,toi-4973,TOI-4973
398275886,K2-147,k2-147,K2-147
398943781,WASP-41,wasp-41,WASP-41
399702475,K2-384,k2-384,K2-384
399822422,Kepler-205,kepler-205,KEPLER-205
399954349,Kepler-411,kepler-411,KEPLER-411
399955825,Kepler-1076,kepler-1076,KEPLER-1076
401980624,TOI-4372,toi-4372,TOI-4372
402287746,K2-71,k2-71,K2-71
402898317,TOI-2093,toi-2093,TOI-2093
403135192,TOI-2226,toi-2226,TOI-2226
403224672,HD 213885,hd213885,HD213885
404421005,K2-277,k2-277,K2-277
404456775,TOI-6158,toi-6158,TOI-6158
404518509,HD 21520,hd21520,HD21520
404713783,TOI-4649,toi-4649,TOI-4649
405425498,TOI-2227,toi-2227,TOI-2227
405673618,K2-125,k2-125,K2-125
405700729,TOI-835,toi-835,TOI-835
405837291,TOI-7009,toi-7009,TOI-7009
406495245,TOI-5128,toi-5128,TOI-5128
406672232,TOI-1263,toi-1263,TOI-1263
406941612,TOI-912,toi-912,TOI-912
406976746,TOI-1063,toi-1063,TOI-1063
407059875,TOI-2026,toi-2026,TOI-2026
407126408,TOI-913,toi-913,TOI-913
407591297,TOI-5388,toi-5388,TOI-5388
407966340,HD 25463,hd25463,HD25463
408114363,TOI-2450,toi-2450,TOI-2450
408261725,TOI-4513,toi-4513,TOI-4513
408310006,WASP-166,wasp-166,WASP-166
408416746,TOI-4324,toi-4324,TOI-4324
408548144,TOI-7143,toi-7143,TOI-7143
408618999,TOI-1736,toi-1736,TOI-1736
408636441,TOI-1759,toi-1759,TOI-1759
408809625,TOI-4614,toi-4614,TOI-4614
409794137,TOI-1478,toi-1478,TOI-1478
409934330,TOI-1114,toi-1114,TOI-1114
410153553,LHS 3844,lhs3844,LHS3844
410214986,DS Tuc A,ds-tuc-a,DS-TUC-A
411731278,TOI-6706,toi-6706,TOI-6706
413248763,GJ 357,gj357,GJ357
415969908,TOI-233,toi-233,TOI-233
416195870,TOI-1264,toi-1264,TOI-1264
416534875,TOI-4586,toi-4586,TOI-4586
416739490,TOI-5697,toi-5697,TOI-5697
417676622,Kepler-68,kepler-68,KEPLER-68
417676990,Kepler-1319,kepler-1319,KEPLER-1319
417931300,TOI-2068,toi-2068,TOI-2068
417931607,TOI-1451,toi-1451,TOI-1451
417948359,TOI-1272,toi-1272,TOI-1272
418343229,TOI-6662,toi-6662,TOI-6662
418604868,TOI-5817,toi-5817,TOI-5817
418761354,K2-216,k2-216,K2-216
418959198,TOI-1424,toi-1424,TOI-1424
419411415,TOI-5205,toi-5205,TOI-5205
420051632,TOI-2429,toi-2429,TOI-2429
420112589,TOI-1452,toi-1452,TOI-1452
420529106,TOI-6558,toi-6558,TOI-6558
420779000,HAT-P-26,hat-p-26,HAT-P-26
420814525,HD 209458,hd209458,HD209458
421005422,TOI-6944,toi-6944,TOI-6944
421006834,TOI-6940,toi-6940,TOI-6940
421455387,TOI-2233,toi-2233,TOI-2233
421894914,TOI-1056,toi-1056,TOI-1056
421951960,TOI-4183,toi-4183,TOI-4183
422217860,TOI-5662,toi-5662,TOI-5662
422325510,K2-377,k2-377,K2-377
422349422,K2-126,k2-126,K2-126
422618449,HIP 116454,hip116454,HIP116454
422756130,TOI-1695,toi-1695,TOI-1695
423358488,K2-148,k2-148,K2-148
423360793,TOI-6676,toi-6676,TOI-6676
423445163,TOI-6489,toi-6489,TOI-6489
425561347,TOI-2215,toi-2215,TOI-2215
425997655,HD 23472,hd23472,HD23472
426032475,TOI-6729,toi-6729,TOI-6729
426471754,TOI-6871,toi-6871,TOI-6871
427041513,TOI-5814,toi-5814,TOI-5814
427320001,TOI-2112,toi-2112,TOI-2112
427685831,WASP-52,wasp-52,WASP-52
427730490,TOI-2040,toi-2040,TOI-2040
427765233,TOI-6973,toi-6973,TOI-6973
428673146,TOI-6713,toi-6713,TOI-6713
428679607,TOI-1669,toi-1669,TOI-1669
428699140,TOI-3082,toi-3082,TOI-3082
428703516,TOI-5761,toi-5761,TOI-5761
428820090,K2-233,k2-233,K2-233
428988981,TOI-2144,toi-2144,TOI-2144
429035886,K2-149,k2-149,K2-149
429302040,WASP-107,wasp-107,WASP-107
429304876,TOI-682,toi-682,TOI-682
429358906,TOI-782,toi-782,TOI-782
430930679,TOI-7030,toi-7030,TOI-7030
431701493,WASP-10,wasp-10,WASP-10
431810418,TOI-5968,toi-5968,TOI-5968
432247186,K2-408,k2-408,K2-408
432247315,K2-240,k2-240,K2-240
432758245,TOI-6254,toi-6254,TOI-6254
434094657,K2-62,k2-62,K2-62
434116397,TOI-5955,toi-5955,TOI-5955
434226736,K2-25,k2-25,K2-25
434260570,TOI-2455,toi-2455,TOI-2455
435339847,K2-77,k2-77,K2-77
435680451,TOI-1762,toi-1762,TOI-1762
435878153,TOI-6258,toi-6258,TOI-6258
436575927,K2-394,k2-394,K2-394
436764867,TOI-5958,toi-5958,TOI-5958
436873727,TOI-4641,toi-4641,TOI-4641
437011608,TOI-5082,toi-5082,TOI-5082
437242640,WASP-34,wasp-34,WASP-34
437444661,K2-32,k2-32,K2-32
437703489,K2-58,k2-58,K2-58
437704321,K2-55,k2-55,K2-55
437984134,TOI-887,toi-887,TOI-887
438170612,TOI-5127,toi-5127,TOI-5127
438260486,TOI-5084,toi-5084,TOI-5084
439366538,TOI-2374,toi-2374,TOI-2374
439456714,TOI-277,toi-277,TOI-277
439842788,WASP-177,wasp-177,WASP-177
439867639,TOI-2445,toi-2445,TOI-2445
439943973,TOI-6647,toi-6647,TOI-6647
440150441,TOI-6648,toi-6648,TOI-6648
440324561,TOI-3361,toi-3361,TOI-3361
440687723,K2-89,k2-89,K2-89
440887364,TOI-836,toi-836,TOI-836
441135051,TOI-4661,toi-4661,TOI-4661
441158994,TOI-6898,toi-6898,TOI-6898
441420236,AU Mic,au-mic,AU-MIC
441462736,HD 221416,hd221416,HD221416
441546821,HD 114082,hd114082,HD114082
441614965,TOI-5707,toi-5707,TOI-5707
441642457,TOI-2073,toi-2073,TOI-2073
441697509,TOI-3899,toi-3899,TOI-3899
441738827,TOI-2084,toi-2084,TOI-2084
441739020,TOI-1670,toi-1670,TOI-1670
441739871,TOI-1763,toi-1763,TOI-1763
441798995,TOI-2269,toi-2269,TOI-2269
441804533,TOI-5711,toi-5711,TOI-5711
443213925,TOI-2523,toi-2523,TOI-2523
443556801,TOI-2768,toi-2768,TOI-2768
443582629,TOI-5519,toi-5519,TOI-5519
443607377,TOI-6954,toi-6954,TOI-6954
443616612,K2-43,k2-43,K2-43
443666343,TOI-3500,toi-3500,TOI-3500
444842193,TOI-745,toi-745,TOI-745
445522339,TOI-6493,toi-6493,TOI-6493
445751830,TOI-3757,toi-3757,TOI-3757
445805961,TOI-1710,toi-1710,TOI-1710
445837596,TOI-3896,toi-3896,TOI-3896
445859771,TOI-1273,toi-1273,TOI-1273
446157122,TOI-6245,toi-6245,TOI-6245
447061717,TOI-1231,toi-1231,TOI-1231
447088034,TOI-4568,toi-4568,TOI-4568
447206604,TOI-1999,toi-1999,TOI-1999
449197831,TOI-2458,toi-2458,TOI-2458
449257028,TOI-2474,toi-2474,TOI-2474
450308271,TOI-6379,toi-6379,TOI-6379
451606970,TOI-1214,toi-1214,TOI-1214
451645081,TOI-783,toi-783,TOI-783
452508760,TOI-5938,toi-5938,TOI-5938
452866790,GJ 3473,gj3473,GJ3473
453105377,TOI-2850,toi-2850,TOI-2850
453211454,HD 63935,hd63935,HD63935
453260209,TOI-1215,toi-1215,TOI-1215
453387619,TOI-1703,toi-1703,TOI-1703
453668803,TOI-6564,toi-6564,TOI-6564
455784423,TOI-3629,toi-3629,TOI-3629
455947620,TOI-6022,toi-6022,TOI-6022
456260074,TOI-6249,toi-6249,TOI-6249
456306892,TOI-5581,toi-5581,TOI-5581
456367532,TOI-5785,toi-5785,TOI-5785
456862677,TOI-4515,toi-4515,TOI-4515
456945304,K2-370,k2-370,K2-370
457337619,TOI-6541,toi-6541,TOI-6541
458027465,TOI-5059,toi-5059,TOI-5059
458419328,TOI-3785,toi-3785,TOI-3785
458478250,KELT-23 A,kelt-23a,KELT-23A
458686847,K2-117,k2-117,K2-117
459189798,TOI-5777,toi-5777,TOI-5777
459323923,TOI-7149,toi-7149,TOI-7149
459735346,TOI-5808,toi-5808,TOI-5808
459762279,TOI-5573,toi-5573,TOI-5573
459969957,TOI-1274,toi-1274,TOI-1274
459970307,TOI-1154,toi-1154,TOI-1154
460205581,TOI-837,toi-837,TOI-837
460950389,TOI-6715,toi-6715,TOI-6715
460984940,HD 307842,hd307842,HD307842
461239485,HAT-P-27,hat-p-27,HAT-P-27
461635621,TOI-4460,toi-4460,TOI-4460
462615350,TOI-2288,toi-2288,TOI-2288
464646604,HIP 94235,hip94235,HIP94235
464658144,TOI-6688,toi-6688,TOI-6688
466382581,TOI-5803,toi-5803,TOI-5803
467158766,TOI-5714,toi-5714,TOI-5714
467179528,TOI-1266,toi-1266,TOI-1266
467651916,TOI-4602,toi-4602,TOI-4602
467666275,TOI-1204,toi-1204,TOI-1204
467929202,GJ 1214,gj1214,GJ1214
468350765,TOI-7155,toi-7155,TOI-7155
468777766,TOI-3750,toi-3750,TOI-3750
468880077,TOI-438,toi-438,TOI-438
468889418,TOI-5156,toi-5156,TOI-5156
468983280,TOI-5489,toi-5489,TOI-5489
468989066,K2-354,k2-354,K2-354
469782185,TOI-1123,toi-1123,TOI-1123
469810663,TOI-7060,toi-7060,TOI-7060
470381900,TOI-1696,toi-1696,TOI-1696
470653603,TOI-6381,toi-6381,TOI-6381
470822809,TOI-3694,toi-3694,TOI-3694
470987100,TOI-1732,toi-1732,TOI-1732
640381384,K2-288 B,k2-288b,K2-288B
648958344,TOI-4073,toi-4073,TOI-4073
900715901,TOI-2072,toi-2072,TOI-2072
952046774,TOI-4175,toi-4175,TOI-4175
1551345500,TOI-1764,toi-1764,TOI-1764
1715469662,TOI-2183,toi-2183,TOI-2183
1718201850,TOI-1351,toi-1351,TOI-1351
1884091865,TOI-1697,toi-1697,TOI-1697
1989628303,TOI-2244,toi-2244,TOI-2244
1990842033,TOI-2243,toi-2243,TOI-2243
