id,snr_old,snr_rerun,snr_new_cat,snr_new_cat+fun,snr_new_cat+fun+range,Flya_at_1AU,Flya_1AU_adopted,Flya_1AU_Teff_linsky,Flya_1AU_Teff_schneider,Flya_1AU_nuv,Flya_1AU_fuv,sy_fuvmag_1,sy_fuvmaglim_1,sy_fuvmag_2,sy_fuvmaglim_2,sy_nuvmag_1,sy_nuvmaglim_1,sy_nuvmag_2,sy_nuvmaglim_2,st_teff_1,st_teff_2,st_mass_1,st_mass_2,st_rad_1,st_rad_2,pl_bmasse_1,pl_bmasse_2,pl_orbsmax_1,pl_orbsmax_2,st_radv_1,st_radv_2,sy_dist_1,sy_dist_2
1057.01,6.3,6.3,6.4,4.2,12,1.4e+01,1.4e+01,2.5e+01,1.4e+01,,,nan,-1.0,,,nan,-1.0,,,5599,5599,0.9,1.0,0.94,0.94,8.2,8.2,0.63,0.63,68.2,69.8,98.3,98.3
1063.01,7.1,7.1,6.8,4.8,14,1.3e+01,1.3e+01,2.4e+01,1.3e+01,,,nan,-1.0,,,16.1,,16.1,0.0,5552,5552,0.9,1.0,0.79,0.79,5.1,5.1,0.30,0.30,3.1,3.9,61.1,61.1
1154.01,3,3,3.1,2.2,8.6,1.6e+01,1.6e+01,2.6e+01,1.6e+01,,,nan,-1.0,,,nan,-1.0,,,5704,5704,1.0,1.0,0.93,0.93,5.1,5.1,0.33,0.34,-12.9,-12.9,93.9,93.9
119.02,2.4,2.4,2.3,1.5,4.5,9.2e+00,9.2e+00,2.3e+01,9.2e+00,,,nan,-1.0,,,nan,-1.0,,,5332,5332,0.8,0.9,0.82,0.82,3.9,3.9,0.22,0.22,24.3,26.1,66.6,66.6
1203.01,20,20,21,16,30,1.7e+01,1.7e+01,2.6e+01,1.7e+01,,,20.7,,20.7,0.0,13.9,,13.9,0.0,5742,5742,1.0,1.0,1.17,1.17,9.1,9.1,0.41,0.41,71.2,72.7,65.0,65.0
1434.01,11,11,11,9.2,25,1.0e+01,1.0e+01,2.3e+01,1.0e+01,,,22.4,,22.4,0.0,14.9,,14.9,0.0,5394,5394,0.8,0.9,0.74,0.74,4.8,4.8,0.44,0.44,19.3,19.3,37.8,37.8
1453.01,nan,nan,0.45,0.31,1.6,,4.8e+00,1.9e+01,4.8e+00,,,,,21.5,-1.0,,,18.2,0.0,4920,4920,,0.8,0.71,0.71,,5.7,,0.10,,-4.1,78.7,78.7
1453.02,nan,nan,0.32,0.22,1.1,,4.8e+00,1.9e+01,4.8e+00,,,,,21.5,-1.0,,,18.2,0.0,4920,4920,,0.8,0.71,0.71,,1.5,,0.11,,-4.1,78.7,78.7
1630.01,6.1,6.1,4.2,2.9,11,1.2e+01,1.2e+01,2.4e+01,1.2e+01,,,nan,-1.0,,,15.8,,15.8,0.0,5504,5504,0.9,0.9,0.83,0.83,6.4,6.4,0.36,0.34,,17.7,66.1,66.1
1643.01,8.6,8.6,5.4,4.1,14,3.8e+00,3.8e+00,1.8e+01,3.8e+00,,,21.5,,21.5,0.0,17.1,,17.1,0.0,4763,4763,0.7,0.8,0.78,0.78,7.9,7.9,0.32,0.32,-23.1,,40.7,40.7
1648.01,6.6,6.6,5.3,3.2,10,4.5e+00,4.5e+00,1.9e+01,4.5e+00,,,22.4,-1.0,21.2,-1.0,18.3,,18.3,0.0,4872,4872,0.7,0.8,0.84,0.84,7.4,8.1,0.31,0.23,-32.0,-32.0,69.8,69.8
1718.01,11,11,11,7.7,14,9.8e+00,9.8e+00,2.3e+01,9.8e+00,,,nan,-1.0,,,nan,-1.0,,,5378,5378,0.8,0.9,0.94,0.94,16.8,16.8,0.14,0.14,-13.9,-13.9,52.3,52.3
1730.03,3.1,3.1,12,10,24,7.1e-01,8.1e+00,1.2e+01,7.1e-01,8.1e+00,,24.3,-1.0,23.0,-1.0,19.9,,19.9,0.0,3691,3691,0.5,0.5,0.53,0.53,6.5,6.5,0.17,0.17,,30.6,35.7,35.7
1735.01,3.5,3.5,3.5,2.4,7.5,5.1e+01,5.1e+01,3.4e+01,5.1e+01,,,18.5,,18.5,0.0,13.8,,13.8,0.0,6439,6439,1.3,1.3,1.26,1.26,5.9,5.9,0.29,0.29,,,99.4,99.4
1774.01,32,32,33,27,39,2.1e+01,2.1e+01,2.7e+01,2.1e+01,,,20.4,,20.4,0.0,13.9,,13.9,0.0,5854,5854,1.1,1.0,1.09,1.09,8.0,8.0,0.31,0.31,-53.6,-53.6,54.0,54.0
1777.01,11,11,11,6.9,19,2.1e+01,2.1e+01,2.7e+01,2.1e+01,,,21.5,,21.5,0.0,14.5,,14.5,0.0,5859,5859,1.1,1.0,0.98,0.98,4.0,4.0,0.47,0.47,-9.7,-9.7,79.8,79.8
1835.01,7.3,7.3,8.6,7.6,14,8.7e+00,8.7e+00,2.2e+01,8.7e+00,,,21.2,,21.2,0.0,14.7,,14.7,0.0,5297,5297,0.8,0.9,0.78,0.78,4.0,4.0,0.14,0.14,,-8.8,32.2,32.2
2023.01,5.4,5.4,9.6,7.6,17,5.1e+00,5.1e+00,2.0e+01,5.1e+00,,,nan,-1.0,,,nan,-1.0,,,4958,4958,0.7,0.8,0.70,0.70,3.4,3.4,0.22,0.22,,-29.8,36.9,36.9
204.01,3.6,3.6,3.3,2,8.6,1.4e+01,1.4e+01,2.5e+01,1.4e+01,,,23.2,-1.0,21.9,-1.0,15.8,,15.8,0.0,5605,5605,0.9,1.0,1.04,1.04,6.9,8.4,0.59,0.59,8.8,10.3,95.3,95.3
2082.01,7.8,7.8,13,10,24,2.6e+01,2.6e+01,2.9e+01,2.6e+01,,,20.2,,20.2,0.0,13.4,,13.4,0.0,6004,6004,1.1,1.1,1.15,1.15,7.6,7.3,0.47,0.43,,-22.5,63.7,63.7
2123.01,nan,nan,2,1.6,6.4,,1.1e+01,2.3e+01,1.1e+01,,,,,21.5,0.0,,,16.1,0.0,5432,5432,,0.9,0.84,0.84,,13.9,,0.18,,-26.6,86.3,86.3
213.01,2.3,2.3,2.3,1.4,4.9,2.8e+00,2.8e+00,1.7e+01,2.8e+00,,,22.8,-1.0,21.5,-1.0,19.2,,19.2,0.0,4566,4566,0.7,0.7,0.67,0.67,6.1,5.9,0.32,0.26,25.4,26.5,54.3,54.3
2133.01,1.2,1.2,3.6,2.6,6.6,1.5e+00,1.6e+01,1.5e+01,1.5e+00,1.6e+01,,nan,-1.0,21.6,-1.0,nan,-1.0,20.4,0.0,4175,4175,0.7,0.7,0.72,0.72,6.6,6.6,0.10,0.10,80.1,-35.7,75.2,75.2
214.01,11,11,10,8.3,18,9.4e+00,9.4e+00,2.3e+01,9.4e+00,,,22.3,-1.0,19.3,0.0,14.7,,14.7,0.0,5346,5346,0.8,0.9,0.80,0.80,3.1,3.1,0.27,0.27,16.3,17.7,39.0,39.0
214.02,3.5,3.5,3.3,2.7,5.2,9.4e+00,9.4e+00,2.3e+01,9.4e+00,,,22.3,-1.0,19.3,0.0,14.7,,14.7,0.0,5346,5346,0.8,0.9,0.80,0.80,0.5,0.5,0.17,0.17,16.3,17.7,39.0,39.0
2142.01,1.9,1.9,1.9,1.5,7,5.1e-01,5.1e-01,1.1e+01,5.1e-01,,,22.5,-1.0,21.2,-1.0,21.5,-1.0,21.5,-1.0,3472,3472,0.4,0.4,0.36,0.36,3.0,3.0,0.15,0.15,,,27.8,27.8
2431.01,nan,nan,0.48,0.32,0.64,,1.3e+00,1.4e+01,1.3e+00,,,,,,,,,,,4079,4079,,0.6,0.68,0.68,,26.8,,0.01,,12.1,36.1,36.1
2540.01,23,23,53,48,67,1.2e+00,5.0e+00,1.4e+01,1.2e+00,1.1e+01,5.0e+00,21.6,,21.6,0.0,18.0,,18.0,0.0,4036,4036,0.6,0.6,0.66,0.66,7.3,7.3,0.22,0.22,-3.5,-3.5,19.1,19.1
2540.02,23,23,53,48,67,1.2e+00,5.0e+00,1.4e+01,1.2e+00,1.1e+01,5.0e+00,21.6,,21.6,0.0,18.0,,18.0,0.0,4036,4036,0.6,0.6,0.66,0.66,5.9,5.9,0.26,0.26,-3.5,-3.5,19.1,19.1
283.01,4.8,4.8,4.5,2.7,9.5,8.1e+00,8.1e+00,2.2e+01,8.1e+00,,,,,20.9,-1.0,,,17.0,0.0,5250,5250,0.8,0.9,0.81,0.81,4.7,4.7,0.28,0.28,-14.0,-12.4,82.7,82.7
3353.02,11,11,4.3,3.3,8.4,4.6e+01,4.6e+01,3.3e+01,4.6e+01,,,,,,,,,,,6365,6365,1.2,1.3,1.02,1.02,6.2,6.2,0.27,0.27,,27.3,78.8,78.8
3493.01,0.93,0.93,0.59,0.44,2.2,2.1e+01,2.1e+01,2.7e+01,2.1e+01,,,,,,,,,,,5860,5860,1.1,1.0,1.21,1.21,11.4,11.3,0.31,0.19,33.6,33.6,96.7,96.7
406.02,nan,nan,28,25,37,,9.8e+00,1.1e+01,4.2e-01,2.7e+00,9.8e+00,,,21.6,0.0,,,21.3,0.0,3349,3349,,0.3,0.39,0.39,,2.2,,0.12,,,31.1,31.1
4189.01,11,11,11,7.4,18,1.7e+01,1.7e+01,2.6e+01,1.7e+01,,,,,20.8,0.0,,,14.6,0.0,5744,5744,1.0,1.0,0.88,0.88,6.7,6.7,0.61,0.61,13.3,13.3,69.6,69.6
4307.01,nan,nan,13,12,27,,2.9e+01,3.0e+01,2.9e+01,,,,,18.4,0.0,,,12.5,0.0,6079,6079,,1.1,1.10,1.10,,2.3,,0.50,,46.2,36.0,36.0
4307.02,nan,nan,1.3,1.2,2.5,,2.9e+01,3.0e+01,2.9e+01,,,,,18.4,0.0,,,12.5,0.0,6079,6079,,1.1,1.10,1.10,,0.1,,0.14,,46.2,36.0,36.0
4364.01,nan,nan,0.53,0.37,0.69,,5.3e-01,1.1e+01,5.3e-01,,,,,,,,,,,3500,3500,,0.4,0.47,0.47,,5.0,,0.11,,46.0,44.0,44.0
4443.02,6.8,6.8,6.9,6,13,2.0e+01,2.0e+01,2.7e+01,2.0e+01,,,,,,,,,,,5834,5834,1.0,1.0,1.02,1.02,5.5,5.5,0.23,0.23,-28.3,-28.3,56.1,56.1
4451.01,7.4,7.4,7.4,5.6,13,3.2e+01,3.2e+01,3.0e+01,3.2e+01,,,,,21.2,0.0,,,14.2,0.0,6138,6138,1.2,1.2,1.08,1.08,13.0,13.0,0.21,0.21,-41.3,-41.3,87.9,87.9
4537.01,5.6,5.6,5.6,4.2,13,2.5e+01,2.5e+01,2.9e+01,2.5e+01,,,,,,,,,,,5975,5975,1.1,1.1,1.07,1.07,13.2,13.2,0.43,0.43,21.1,21.1,70.2,70.2
4568.01,16,16,16,13,31,2.2e+01,2.2e+01,2.8e+01,2.2e+01,,,,,,,,,13.8,0.0,5899,5899,1.1,1.0,1.33,1.33,5.8,5.8,0.63,0.63,2.4,2.4,48.0,48.0
458.01,4.4,4.4,4.3,2.6,9.8,7.1e+00,7.1e+00,2.1e+01,7.1e+00,,,,,22.5,0.0,,,17.4,0.0,5164,5164,0.8,0.9,0.83,0.83,8.7,8.7,0.31,0.31,9.5,10.6,76.7,76.7
4626.01,8.4,8.4,8.2,6,18,1.0e+01,1.0e+01,2.3e+01,1.0e+01,,,,,20.8,-1.0,,,15.4,0.0,5387,5387,0.8,0.9,0.84,0.84,7.6,7.6,0.29,0.29,0.7,0.7,51.1,51.1
4631.01,11,11,11,7.7,19,1.4e+01,1.4e+01,2.5e+01,1.4e+01,,,,,,,,,15.0,0.0,5614,5614,0.9,1.0,0.82,0.82,5.9,5.9,0.29,0.29,-9.1,-9.1,62.3,62.3
5084.01,3.9,3.9,3.9,3.3,6.1,2.7e+00,2.7e+00,1.7e+01,2.7e+00,,,,,21.2,-1.0,,,16.8,0.0,4544,4544,0.7,0.7,0.75,0.75,1.6,1.6,0.13,0.13,45.0,45.0,21.4,21.4
512.01,1,1,1,0.76,1.7,1.4e+01,1.4e+01,2.5e+01,1.4e+01,,,,,21.0,-1.0,,,16.2,0.0,5581,5581,0.9,1.0,0.88,0.88,2.9,2.9,0.19,0.19,66.7,68.1,67.4,67.4
512.02,1.3,1.3,1.3,0.97,2.2,1.4e+01,1.4e+01,2.5e+01,1.4e+01,,,,,21.0,-1.0,,,16.2,0.0,5581,5581,0.9,1.0,0.88,0.88,3.7,3.7,0.22,0.22,66.7,68.1,67.4,67.4
5169.01,9,9,8.8,6.7,14,5.5e+00,5.5e+00,2.0e+01,5.5e+00,,,,,21.0,0.0,,,16.0,0.0,5002,5002,0.8,0.8,0.78,0.78,5.7,5.7,0.18,0.18,1.9,1.9,36.2,36.2
5394.01,5.5,5.5,5.5,4.3,13,2.5e+01,2.5e+01,2.9e+01,2.5e+01,,,,,,,,,13.8,0.0,5977,5977,1.1,1.1,1.07,1.07,68.1,68.1,0.25,0.25,35.4,35.4,64.3,64.3
5531.01,nan,nan,4.5,3.2,5.9,,1.9e+01,2.7e+01,1.9e+01,,,,,21.5,0.0,,,14.1,0.0,5788,5788,,1.0,1.10,1.10,,3.7,,0.13,,-45.0,80.6,80.6
5696.02,11,11,11,6,17,8.3e+00,8.3e+00,2.2e+01,8.3e+00,,,,,23.5,0.0,,,16.3,0.0,5271,5271,0.8,0.9,0.83,0.83,7.5,7.5,0.44,0.44,-21.0,-20.5,66.5,66.5
5734.01,8,8,7.9,6.2,12,3.1e+00,3.1e+00,1.7e+01,3.1e+00,,,,,21.0,0.0,,,17.3,0.0,4645,4645,0.7,0.7,0.69,0.69,6.4,6.4,0.14,0.14,,,32.5,32.5
5789.01,70,70,70,64,82,6.7e+00,6.7e+00,2.1e+01,6.7e+00,,,,,,,,,,,5132,5132,0.8,0.8,0.88,0.88,7.0,7.0,0.47,0.47,-49.3,-49.3,20.5,20.5
6109.01,nan,nan,0.97,0.44,2.8,,1.0e+01,2.3e+01,1.0e+01,,,,,,,,,,,5416,5416,,0.9,0.95,0.95,,15.5,,0.21,,2.7,151.7,151.7
6109.02,nan,nan,1.2,0.54,3.6,,1.0e+01,2.3e+01,1.0e+01,,,,,,,,,,,5416,5416,,0.9,0.95,0.95,,14.7,,0.26,,2.7,151.7,151.7
6249.02,7,7,5.6,3.7,11,4.1e+00,4.1e+00,1.9e+01,4.1e+00,,,,,,,,,,,4813,4813,0.7,0.8,0.75,0.75,7.2,7.2,0.27,0.27,,11.0,47.9,47.9
6599.01,2.5,2.5,4.5,3.5,9.7,2.8e-01,5.4e-01,9.7e+00,2.8e-01,5.4e-01,,,,20.9,-1.0,,,22.5,0.0,3087,3087,0.2,0.2,0.20,0.20,1.1,1.1,0.04,0.04,,,16.9,16.9
6673.01,20,20,20,16,26,5.1e+01,5.1e+01,3.4e+01,5.1e+01,,,,,17.5,0.0,,,12.5,0.0,6439,6439,1.3,1.3,1.41,1.41,7.4,7.4,0.37,0.37,-24.2,-24.2,68.3,68.3
6676.01,11,11,11,7.7,16,2.5e+01,2.5e+01,2.9e+01,2.5e+01,,,,,20.3,0.0,,,14.5,0.0,5988,5988,1.1,1.1,1.26,1.26,5.1,5.1,0.38,0.38,,1.6,70.2,70.2
6709.01,2.2,2.2,2.2,1.7,3.2,4.0e+00,4.0e+00,1.8e+01,4.0e+00,,,,,21.4,-1.0,,,17.9,0.0,4799,4799,0.7,0.8,0.68,0.68,1.3,1.3,0.08,0.08,51.7,51.7,39.7,39.7
6873.01,5.7,5.7,6.4,4.5,12,1.1e+01,1.1e+01,2.4e+01,1.1e+01,,,,,,,,,,,5450,5450,0.9,0.9,0.87,0.87,12.5,12.5,0.33,0.33,28.5,22.8,60.2,60.2
714.01,2,2,2.1,1.3,4.5,8.2e-01,8.2e-01,1.3e+01,8.2e-01,,,,,,,,,,,3782,3782,0.6,0.5,0.47,0.47,2.8,2.8,0.10,0.10,117.9,117.9,53.8,53.8
714.02,3.8,3.8,3.9,2.3,8.7,8.2e-01,8.2e-01,1.3e+01,8.2e-01,,,,,,,,,,,3782,3782,0.6,0.5,0.47,0.47,3.0,3.0,0.18,0.18,117.9,117.9,53.8,53.8
741.01,3.4,3.4,3.4,3,6.1,8.0e-01,8.0e-01,1.3e+01,8.0e-01,,,,,,,,,,,3766,3766,0.6,0.5,0.53,0.53,0.6,0.6,0.09,0.09,38.3,40.1,10.5,10.5
802.01,1.6,1.6,1.6,1.4,2.8,7.9e+00,7.9e+00,2.2e+01,7.9e+00,,,,,21.1,-1.0,,,14.5,0.0,5236,5236,0.8,0.9,0.75,0.75,0.2,0.2,0.11,0.11,41.5,42.9,28.1,28.1
880.01,5.5,5.5,2.2,1.4,2.9,4.9e+00,4.9e+00,1.9e+01,4.9e+00,,,,,,,,,,,4935,4935,0.7,0.8,0.82,0.82,22.5,22.5,0.14,0.14,,33.8,60.7,60.7
AU Mic b,47,47,72,71,1e+02,1.4e+01,3.1e+01,1.4e+01,6.9e-01,2.0e+01,3.1e+01,17.4,,17.4,0.0,15.6,,15.6,0.0,3665,3665,0.5,0.5,0.82,0.82,20.1,20.1,0.06,0.06,-6.3,-6.3,9.7,9.7
AU Mic c,64,64,97,96,1.4e+02,1.4e+01,3.1e+01,1.4e+01,6.9e-01,2.0e+01,3.1e+01,17.4,,17.4,0.0,15.6,,15.6,0.0,3665,3665,0.5,0.5,0.82,0.82,9.6,9.6,0.11,0.11,-6.3,-6.3,9.7,9.7
DS Tuc A b,27,27,26,23,45,3.1e+01,3.1e+01,3.1e+01,1.1e+01,,,18.1,,18.1,0.0,14.3,,14.3,0.0,5428,5428,1.0,1.0,0.96,0.96,413.2,413.2,0.18,0.18,6.5,8.1,44.1,44.1
G 9-40 b,3.6,3.6,3.2,2,5.8,9.7e-01,8.2e-01,9.7e-01,4.2e-01,8.2e-01,,24.7,-1.0,23.5,-1.0,23.0,,22.9,0.0,3348,3348,0.3,0.3,0.31,0.31,11.7,11.7,0.04,0.04,14.7,14.7,27.9,27.9
GJ 1132 b,2.5,2.5,2.5,2.2,4.7,8.9e-01,8.5e-01,8.5e-01,3.5e-01,,,21.9,-1.0,20.7,-1.0,21.2,-1.0,21.2,-1.0,3270,3229,0.2,0.2,0.21,0.22,1.7,1.8,0.02,0.02,35.1,35.1,12.6,12.6
GJ 1214 b,5.5,5.5,5.3,4.6,6.1,8.7e-01,6.3e-01,7.4e-01,2.9e-01,6.3e-01,,22.3,-1.0,21.1,-1.0,21.9,,21.9,0.0,3250,3101,0.2,0.2,0.21,0.22,8.2,8.4,0.01,0.02,-21.1,20.9,14.6,14.6
GJ 1252 b,nan,nan,0.46,0.36,0.86,,1.1e+00,1.1e+00,5.0e-01,,,,,,,,,,,3458,3458,0.4,0.4,0.39,0.39,1.3,1.3,0.01,0.01,7.5,7.5,20.4,20.4
GJ 143 b,39,39,40,37,56,3.1e+00,3.1e+00,1.7e+01,3.1e+00,,,22.1,-1.0,20.9,-1.0,16.4,,16.4,0.0,4640,4640,0.7,0.7,0.70,0.70,22.7,22.7,0.19,0.19,58.1,59.5,16.3,16.3
GJ 3090 b,nan,nan,4.7,4.4,6.7,,6.8e+00,1.2e+01,5.8e-01,4.0e+00,6.8e+00,,,21.5,0.0,,,20.0,0.0,3556,3556,0.5,0.5,0.52,0.52,3.3,3.3,0.03,0.03,,16.4,22.5,22.5
GJ 3470 b,6.5,6.5,2.5,1.8,3.5,1.2e+01,2.4e+00,1.2e+01,6.2e-01,2.7e+00,2.4e+00,23.6,,23.6,0.0,21.1,,21.1,0.0,3600,3600,0.5,0.5,0.55,0.55,13.9,13.9,0.04,0.04,26.5,26.5,29.4,29.4
GJ 357 b,17,17,17,16,19,1.2e+00,1.2e+00,1.2e+00,5.3e-01,,,nan,-1.0,,,nan,-1.0,,,3505,3505,0.3,0.3,0.34,0.34,1.8,1.8,0.04,0.04,-36.3,-34.6,9.4,9.4
GJ 3929 b,1.6,1.6,4.1,4,8,1.0e+00,4.9e+00,1.0e+00,4.4e-01,1.2e+00,4.9e+00,21.2,,21.2,0.0,21.0,,21.0,0.0,3384,3384,0.3,0.3,0.32,0.32,1.8,1.8,0.03,0.03,10.3,10.3,15.8,15.8
GJ 436 b,9.2,9.2,6.7,5.9,11,1.3e+00,7.1e-01,1.3e+00,6.1e-01,7.1e-01,,23.2,-1.0,21.9,-1.0,22.5,,20.8,0.0,3586,3586,0.5,0.5,0.46,0.46,22.1,22.1,0.03,0.03,9.6,9.6,9.8,9.8
GJ 486 b,3.3,3.3,3.1,3,5.8,9.6e-01,9.1e-01,9.1e-01,3.8e-01,,,nan,-1.0,,,nan,-1.0,,,3340,3291,0.3,0.3,0.33,0.34,2.8,3.0,0.02,0.02,19.1,19.1,8.1,8.1
GJ 806 b,nan,nan,2.9,2.6,3.8,,1.3e+00,1.3e+00,6.2e-01,,,,,,,,,,,3600,3600,0.4,0.4,0.41,0.41,1.9,1.9,0.01,0.01,-24.7,-24.7,12.0,12.0
GJ 9827 d,1.5,1.5,0.79,0.54,1.6,2.8e+00,1.1e+00,2.6e+00,1.7e+00,9.9e+00,1.1e+00,24.7,,24.7,0.0,19.1,,19.1,0.0,4305,4236,0.6,0.6,0.60,0.58,3.5,3.0,0.06,0.06,31.9,31.9,29.7,29.7
HAT-P-11 b,8.5,8.5,8.5,6.7,11,4.6e+00,4.6e+00,4.6e+00,3.9e+00,,,nan,-1.0,,,nan,-1.0,,,4780,4780,0.8,0.8,0.68,0.68,26.7,26.7,0.05,0.05,-63.2,-63.2,37.8,37.8
HAT-P-17 b,0.72,0.72,0.72,0.5,2.9,8.0e+00,8.0e+00,2.2e+01,8.0e+00,,,22.5,-1.0,21.3,-1.0,17.2,,17.2,0.0,5246,5246,1.0,1.0,0.87,0.87,184.3,184.3,0.09,0.09,20.1,20.1,92.4,92.4
HAT-P-20 b,6.9,6.9,6.9,13,27,1.7e+01,1.7e+01,1.7e+01,2.9e+00,,,22.7,-1.0,21.5,-1.0,19.9,,19.9,0.0,4595,4595,0.8,0.8,0.69,0.69,2302.9,2302.9,0.04,0.04,-18.8,-18.8,71.0,71.0
HD 108236 d,1.7,1.7,1.7,1.2,3.8,1.5e+01,1.5e+01,2.5e+01,1.5e+01,,,nan,-1.0,,,nan,-1.0,,,5660,5660,0.9,0.9,0.88,0.88,7.0,7.0,0.11,0.11,15.4,16.3,64.6,64.6
HD 109833 b,5.1,5.1,5.3,3.9,11,3.9e+01,3.9e+01,3.9e+01,2.2e+01,,,20.3,,20.3,0.0,14.4,,14.4,0.0,5881,5881,1.1,1.1,1.00,1.00,8.7,8.7,0.24,0.26,9.2,10.1,79.6,79.6
HD 109833 c,5.5,5.5,5.4,4,11,3.9e+01,3.9e+01,3.9e+01,2.2e+01,,,20.3,,20.3,0.0,14.4,,14.4,0.0,5881,5881,1.1,1.1,1.00,1.00,7.2,7.2,0.28,0.28,9.2,10.1,79.6,79.6
HD 110067 b,4.3,4.3,5.3,4.6,8.5,8.3e+00,8.3e+00,2.2e+01,8.3e+00,,,21.2,,21.2,0.0,14.7,,14.7,0.0,5266,5266,0.8,0.8,0.79,0.79,5.7,5.7,0.08,0.08,,-8.8,32.2,32.2
HD 110067 c,5.9,5.9,7.2,6.3,12,8.3e+00,8.3e+00,2.2e+01,8.3e+00,,,21.2,,21.2,0.0,14.7,,14.7,0.0,5266,5266,0.8,0.8,0.79,0.79,6.3,6.3,0.10,0.10,,-8.8,32.2,32.2
HD 110067 d,8.6,8.6,10,9.2,18,8.3e+00,8.3e+00,2.2e+01,8.3e+00,,,21.2,,21.2,0.0,14.7,,14.7,0.0,5266,5266,0.8,0.8,0.79,0.79,8.5,8.5,0.14,0.14,,-8.8,32.2,32.2
HD 110067 e,8.7,8.7,11,9.3,18,8.3e+00,8.3e+00,2.2e+01,8.3e+00,,,21.2,,21.2,0.0,14.7,,14.7,0.0,5266,5266,0.8,0.8,0.79,0.79,3.9,3.9,0.18,0.18,,-8.8,32.2,32.2
HD 110067 f,12,12,14,12,24,8.3e+00,8.3e+00,2.2e+01,8.3e+00,,,21.2,,21.2,0.0,14.7,,14.7,0.0,5266,5266,0.8,0.8,0.79,0.79,5.0,5.0,0.22,0.22,,-8.8,32.2,32.2
HD 110067 g,17,17,21,18,37,8.3e+00,8.3e+00,2.2e+01,8.3e+00,,,21.2,,21.2,0.0,14.7,,14.7,0.0,5266,5266,0.8,0.8,0.79,0.79,8.4,8.4,0.26,0.26,,-8.8,32.2,32.2
HD 136352 b,47,47,47,46,49,2.6e+01,2.6e+01,2.6e+01,1.5e+01,,,nan,-1.0,,,nan,-1.0,,,5664,5664,0.9,0.9,1.06,1.06,4.7,4.7,0.10,0.10,-69.0,-69.0,14.7,14.7
HD 136352 c,1.2e+02,1.2e+02,1.2e+02,1.2e+02,1.2e+02,2.6e+01,2.6e+01,2.6e+01,1.5e+01,,,nan,-1.0,,,nan,-1.0,,,5664,5664,0.9,0.9,1.06,1.06,11.2,11.2,0.17,0.17,-69.0,-69.0,14.7,14.7
HD 15337 c,7.5,7.5,7.3,5.4,10,6.7e+00,6.7e+00,6.7e+00,6.6e+00,,,21.7,,21.7,0.0,16.1,,16.1,0.0,5125,5125,0.9,0.9,0.86,0.86,8.1,8.1,0.13,0.13,-5.3,-3.8,44.8,44.8
HD 158259 b,3.2,3.2,3.3,3.2,6.3,2.7e+01,2.7e+01,2.7e+01,1.9e+01,,,18.4,,18.4,0.0,13.2,,13.2,0.0,5802,5802,1.1,1.1,1.21,1.21,2.2,2.2,0.09,0.09,13.3,13.3,27.0,27.0
HD 15906 b,3.5,3.5,3.5,2.4,5.2,3.7e+00,3.7e+00,1.8e+01,3.7e+00,,,23.2,-1.0,22.0,-1.0,17.3,,17.3,0.0,4757,4757,0.8,0.8,0.76,0.76,5.7,5.7,0.09,0.09,-5.1,-3.6,45.6,45.6
HD 17156 b,8.2,8.2,8.2,8.9,22,2.9e+01,2.9e+01,2.9e+01,2.8e+01,,,nan,-1.0,,,nan,-1.0,,,6040,6040,1.4,1.4,1.55,1.55,1115.6,1115.6,0.16,0.16,-3.2,-3.2,78.1,78.1
HD 183579 b,8.6,8.6,8.8,7.1,14,2.7e+01,2.7e+01,2.7e+01,1.9e+01,,,nan,-1.0,21.3,0.0,nan,-1.0,14.1,0.0,5788,5784,1.0,1.0,0.99,0.96,19.7,20.4,0.13,0.13,-17.0,-15.8,57.3,57.3
HD 18599 b,10,10,10,9.4,13,2.7e+01,2.7e+01,2.7e+01,6.9e+00,,,21.0,,21.0,0.0,15.7,,15.7,0.0,5145,5145,0.9,0.9,0.77,0.77,24.1,24.1,0.05,0.05,-1.4,-0.5,38.6,38.6
HD 189733 b,16,16,16,22,37,2.0e+01,2.0e+01,2.0e+01,5.9e+00,,,nan,-1.0,,,nan,-1.0,,,5052,5052,0.8,0.8,0.75,0.75,359.1,359.1,0.03,0.03,-2.2,-2.2,19.8,19.8
HD 191939 c,5.2,5.2,4.8,3.4,9.1,1.1e+01,9.4e+00,2.3e+01,9.4e+00,,,22.5,-1.0,21.2,-1.0,15.1,,15.1,0.0,5427,5348,0.8,0.8,0.94,0.94,8.0,8.0,0.18,0.18,-9.5,-9.5,53.6,53.6
HD 191939 d,4.4,4.4,4.1,2.9,7.7,1.1e+01,9.4e+00,2.3e+01,9.4e+00,,,22.5,-1.0,21.2,-1.0,15.1,,15.1,0.0,5427,5348,0.8,0.8,0.94,0.94,2.8,2.8,0.21,0.21,-9.5,-9.5,53.6,53.6
HD 207496 b,15,15,14,14,18,1.9e+01,1.9e+01,1.9e+01,4.1e+00,,,20.5,,20.5,0.0,15.8,,15.8,0.0,4819,4819,0.8,0.8,0.77,0.77,6.1,6.1,0.06,0.06,-12.8,-11.8,23.6,23.6
HD 207897 b,12,12,14,12,20,6.4e+00,6.6e+00,6.6e+00,6.5e+00,,,22.8,-1.0,21.5,-1.0,21.8,-1.0,15.3,0.0,5070,5106,0.8,0.8,0.78,0.78,14.4,14.8,0.12,0.12,,-6.4,28.3,28.3
HD 209458 b,6.6,6.6,6.6,6.9,12,3.0e+01,3.0e+01,3.0e+01,3.0e+01,,,19.4,,19.4,0.0,13.1,,13.1,0.0,6091,6091,1.2,1.2,1.19,1.19,232.0,232.0,0.05,0.05,-14.7,-14.7,48.3,48.3
HD 21749 c,8.5,8.5,8.7,8.1,11,3.1e+00,3.1e+00,1.7e+01,3.1e+00,,,22.1,-1.0,20.9,-1.0,16.4,,16.4,0.0,4640,4640,0.7,0.7,0.70,0.70,3.7,3.7,0.07,0.07,58.1,59.5,16.3,16.3
HD 219134 b,16,16,16,16,20,3.4e+00,3.4e+00,1.8e+01,3.4e+00,,,nan,-1.0,,,21.3,-1.0,21.3,-1.0,4699,4699,0.8,0.8,0.78,0.78,4.7,4.7,0.04,0.04,-18.4,-18.4,6.5,6.5
HD 219134 c,27,27,27,27,34,3.4e+00,3.4e+00,1.8e+01,3.4e+00,,,nan,-1.0,,,21.3,-1.0,21.3,-1.0,4699,4699,0.8,0.8,0.78,0.78,4.4,4.4,0.07,0.07,-18.4,-18.4,6.5,6.5
HD 22946 d,28,28,16,13,23,3.4e+01,3.4e+01,3.1e+01,3.4e+01,,,19.4,,19.4,0.0,13.1,,13.1,0.0,6169,6169,1.1,1.1,1.12,1.12,26.6,26.6,0.30,0.30,,16.9,62.8,62.8
HD 23472 b,3.1,3.1,3,2.4,6,4.2e+00,4.2e+00,4.2e+00,3.3e+00,,,21.5,,21.5,0.0,21.7,-1.0,21.7,-1.0,4684,4684,0.7,0.7,0.71,0.71,8.3,8.3,0.12,0.12,33.0,34.5,39.0,39.0
HD 23472 c,3.3,3.3,3.1,2.5,6.4,4.2e+00,4.2e+00,4.2e+00,3.3e+00,,,21.5,,21.5,0.0,21.7,-1.0,21.7,-1.0,4684,4684,0.7,0.7,0.71,0.71,3.4,3.4,0.16,0.16,33.0,34.5,39.0,39.0
HD 235088 b,3.9,3.9,6.1,5.5,8.3,2.0e+01,2.1e+01,2.1e+01,6.3e+00,,,nan,-1.0,,,16.1,,16.1,0.0,5037,5087,0.8,0.8,0.79,0.80,4.8,4.2,0.07,0.07,,-27.4,41.2,41.2
HD 260655 b,12,12,12,12,14,1.6e+00,1.6e+00,1.6e+00,8.5e-01,,,nan,-1.0,,,nan,-1.0,,,3803,3803,0.4,0.4,0.44,0.44,2.1,2.1,0.03,0.03,-58.8,-58.8,10.0,10.0
HD 260655 c,22,22,22,22,25,1.6e+00,1.6e+00,1.6e+00,8.5e-01,,,nan,-1.0,,,nan,-1.0,,,3803,3803,0.4,0.4,0.44,0.44,3.1,3.1,0.05,0.05,-58.8,-58.8,10.0,10.0
HD 3167 c,11,11,11,9,18,2.2e+01,2.2e+01,2.2e+01,8.2e+00,,,22.6,,22.6,0.0,15.6,,15.6,0.0,5261,5261,0.8,0.8,0.88,0.88,11.1,11.1,0.18,0.18,19.5,19.5,47.3,47.3
HD 332231 b,7,7,7.3,5.5,13,3.0e+01,3.2e+01,3.0e+01,3.2e+01,,,nan,-1.0,,,nan,-1.0,,,6089,6128,1.1,1.2,1.28,1.27,77.6,74.1,0.14,0.14,-23.2,-23.2,80.7,80.7
HD 5278 b,9.7,9.7,9.4,7.9,11,3.1e+01,3.1e+01,3.1e+01,3.6e+01,,,19.0,,19.0,0.0,12.8,,12.8,0.0,6203,6203,1.1,1.1,1.19,1.19,7.8,7.8,0.12,0.12,-31.8,-30.3,57.6,57.6
HD 63433 b,24,24,47,47,53,3.5e+01,3.5e+01,3.5e+01,1.5e+01,,,18.5,,18.5,0.0,13.1,,13.1,0.0,5688,5634,1.0,1.0,0.91,0.92,5.1,37.3,0.07,0.07,-16.1,-15.8,22.4,22.4
HD 63433 c,56,56,77,75,86,3.5e+01,3.5e+01,3.5e+01,1.5e+01,,,18.5,,18.5,0.0,13.1,,13.1,0.0,5688,5634,1.0,1.0,0.91,0.92,6.9,17.2,0.14,0.15,-16.1,-15.8,22.4,22.4
HD 63433 d,11,11,11,10,12,3.5e+01,3.5e+01,3.5e+01,1.6e+01,,,18.5,,18.5,0.0,13.1,,13.1,0.0,5688,5688,1.0,1.0,0.91,0.91,1.2,1.2,0.05,0.05,-16.1,-16.1,22.4,22.4
HD 63935 b,15,15,7.2,5.7,8.8,1.3e+01,1.2e+01,2.4e+01,1.2e+01,,,nan,-1.0,21.5,0.0,nan,-1.0,14.7,0.0,5534,5513,0.9,0.9,0.96,0.96,10.8,10.5,0.16,0.08,-21.7,-20.3,49.0,49.0
HD 63935 c,29,29,13,10,17,1.3e+01,1.2e+01,2.4e+01,1.2e+01,,,nan,-1.0,21.5,0.0,nan,-1.0,14.7,0.0,5534,5513,0.9,0.9,0.96,0.96,11.1,11.1,0.29,0.15,-21.7,-20.3,49.0,49.0
HD 73344 b,nan,nan,16,16,22,,4.6e+01,4.6e+01,3.8e+01,,,,,18.0,0.0,,,13.0,0.0,6253,6253,1.2,1.2,1.22,1.22,10.5,10.5,0.13,0.13,5.8,5.8,35.3,35.3
HD 73583 b,11,11,8.6,8,13,1.7e+01,1.7e+01,1.7e+01,2.6e+00,,,21.5,,21.5,0.0,17.7,,17.7,0.0,4511,4511,0.7,0.7,0.65,0.65,10.2,10.2,0.07,0.06,19.3,21.5,31.6,31.6
HD 73583 c,19,19,18,17,28,1.7e+01,1.7e+01,1.7e+01,2.6e+00,,,21.5,,21.5,0.0,17.7,,17.7,0.0,4511,4511,0.7,0.7,0.65,0.65,9.7,9.7,0.12,0.12,19.3,21.5,31.6,31.6
HD 93963 A b,nan,nan,0.18,0.13,0.38,,2.8e+01,2.8e+01,2.2e+01,,,,,21.1,0.0,,,14.4,0.0,5908,5908,1.1,1.1,1.03,1.03,2.8,2.8,0.02,0.02,13.3,13.3,82.3,82.3
HD 93963 A c,nan,nan,0.8,0.56,1.7,,2.8e+01,2.8e+01,2.2e+01,,,,,21.1,0.0,,,14.4,0.0,5908,5908,1.1,1.1,1.03,1.03,18.4,18.4,0.05,0.05,13.3,13.3,82.3,82.3
HD 95338 b,39,39,39,35,52,7.6e+00,7.6e+00,2.2e+01,7.6e+00,,,nan,-1.0,,,nan,-1.0,,,5212,5212,0.8,0.8,0.87,0.87,42.4,42.4,0.26,0.26,96.6,96.6,37.0,37.0
HD 97658 b,12,12,12,11,17,7.6e+00,7.6e+00,2.2e+01,7.6e+00,,,22.0,,22.0,0.0,14.6,,14.6,0.0,5212,5212,0.8,0.8,0.73,0.73,8.3,8.3,0.08,0.08,-1.4,-1.4,21.6,21.6
HIP 113103 b,3.7,3.7,3.7,3.3,6.3,2.5e+01,2.5e+01,2.5e+01,4.9e+00,,,21.4,,21.4,0.0,17.4,,17.4,0.0,4930,4930,0.8,0.8,0.74,0.74,4.0,4.0,0.07,0.07,12.8,12.8,46.2,46.2
HIP 113103 c,6.6,6.6,6.6,5.9,12,2.5e+01,2.5e+01,2.5e+01,4.9e+00,,,21.4,,21.4,0.0,17.4,,17.4,0.0,4930,4930,0.8,0.8,0.74,0.74,6.3,6.3,0.10,0.10,12.8,12.8,46.2,46.2
HIP 65 A b,1.3,1.3,1.3,1.9,4.8,1.7e+01,1.7e+01,1.7e+01,2.9e+00,,,23.1,-1.0,21.9,-1.0,19.2,,19.2,0.0,4590,4590,0.8,0.8,0.72,0.72,1021.2,1021.2,0.02,0.02,21.0,21.0,61.8,61.8
HIP 94235 b,7.8,7.8,6.2,7.6,18,4.1e+01,4.1e+01,4.1e+01,2.6e+01,,,nan,-1.0,,,13.8,,13.8,0.0,5991,5991,1.1,1.1,1.08,1.08,379.0,379.0,0.08,0.08,,9.3,58.5,58.5
HIP 9618 b,5.1,5.1,7,5,9.9,1.4e+01,1.5e+01,2.5e+01,1.5e+01,,,22.2,,22.2,0.0,14.9,,14.9,0.0,5609,5649,1.0,0.9,0.97,0.96,10.0,8.3,0.14,0.14,,-15.9,67.5,67.5
HIP 9618 c,12,12,13,8.9,19,1.4e+01,1.5e+01,2.5e+01,1.5e+01,,,22.2,,22.2,0.0,14.9,,14.9,0.0,5609,5649,1.0,0.9,0.97,0.96,18.3,7.0,0.27,0.27,,-15.9,67.5,67.5
HR 858 b,4.7,4.7,4.6,4.4,5.9,3.5e+01,3.5e+01,3.1e+01,3.5e+01,,,17.5,,17.5,0.0,13.8,,13.8,0.0,6201,6201,1.1,1.1,1.31,1.31,5.0,5.0,0.05,0.05,8.2,10.1,32.0,32.0
HR 858 d,10,10,10,9.7,13,3.5e+01,3.5e+01,3.1e+01,3.5e+01,,,17.5,,17.5,0.0,13.8,,13.8,0.0,6201,6201,1.1,1.1,1.31,1.31,5.3,5.3,0.10,0.10,8.2,10.1,32.0,32.0
K2-116 b,nan,nan,1.4,1.2,2,,1.8e+01,1.6e+01,2.0e+00,1.8e+01,,,,21.8,-1.0,,,19.3,0.0,4348,4348,0.7,0.7,0.67,0.67,0.3,0.3,0.05,0.05,-18.9,-18.9,49.4,49.4
K2-133 e,0.98,0.98,0.98,0.58,3.2,6.8e-01,6.8e-01,1.2e+01,6.8e-01,,,nan,-1.0,,,nan,-1.0,,,3655,3655,0.5,0.5,0.46,0.46,3.6,3.6,0.13,0.13,107.2,107.2,75.2,75.2
K2-136 c,5,5,5,3.7,7.3,1.6e+01,1.6e+01,1.6e+01,2.5e+00,,,22.3,-1.0,21.1,-1.0,19.5,,19.5,0.0,4500,4500,0.7,0.7,0.68,0.68,18.1,18.1,0.12,0.12,39.2,39.2,59.2,59.2
K2-136 d,3.5,3.5,3.5,2.7,5.1,1.6e+01,1.6e+01,1.6e+01,2.5e+00,,,22.3,-1.0,21.1,-1.0,19.5,,19.5,0.0,4500,4500,0.7,0.7,0.68,0.68,3.0,3.0,0.15,0.15,39.2,39.2,59.2,59.2
K2-141 b,nan,nan,0.3,0.22,0.48,,1.7e+01,1.7e+01,2.8e+00,,,,,,,,,19.3,0.0,4570,4570,0.7,0.7,0.68,0.68,5.0,5.0,0.01,0.01,-3.6,-3.6,61.9,61.9
K2-141 c,nan,nan,3.3,2.4,5.4,,1.7e+01,1.7e+01,2.8e+00,,,,,,,,,19.3,0.0,4570,4570,0.7,0.7,0.68,0.68,8.0,8.0,0.07,0.07,-3.6,-3.6,61.9,61.9
K2-167 b,nan,nan,1.9,1.3,2.9,,2.6e+01,2.9e+01,2.6e+01,,,,,19.1,0.0,,,14.0,0.0,6011,6011,1.0,1.0,1.49,1.49,6.5,6.5,0.09,0.09,-17.4,-17.4,80.9,80.9
K2-18 b,3.3,3.3,3.3,2,8.9,1.1e+00,1.1e+00,1.1e+00,5.0e-01,,,nan,-1.0,,,nan,-1.0,,,3457,3457,0.4,0.4,0.41,0.41,8.9,8.9,0.14,0.14,0.7,0.7,38.0,38.0
K2-233 c,2.5,2.5,2.5,2,5.2,2.6e+01,2.6e+01,2.6e+01,5.8e+00,,,21.9,-1.0,20.7,-1.0,18.1,,18.1,0.0,5033,5033,0.8,0.8,0.71,0.71,12.8,12.8,0.07,0.07,-9.7,-9.7,67.5,67.5
K2-233 d,6.8,6.8,6.8,5.4,16,2.6e+01,2.6e+01,2.6e+01,5.8e+00,,,21.9,-1.0,20.7,-1.0,18.1,,18.1,0.0,5033,5033,0.8,0.8,0.71,0.71,21.1,21.1,0.15,0.15,-9.7,-9.7,67.5,67.5
K2-25 b,6.3,6.3,1.1,0.69,1.4,1.1e+01,1.2e+00,1.1e+01,3.4e-01,1.2e+00,,22.6,-1.0,21.3,-1.0,23.3,,23.3,0.0,3207,3207,0.3,0.3,0.29,0.29,24.5,24.5,0.03,0.03,38.6,38.6,45.0,45.0
K2-291 b,nan,nan,0.31,0.19,0.61,,1.2e+01,2.4e+01,1.2e+01,,,,,,,,,16.1,0.0,5520,5520,0.9,0.9,0.90,0.90,6.5,6.5,0.03,0.03,25.1,25.1,90.1,90.1
K2-3 b,0.68,0.68,1.3,0.92,3.2,1.7e+00,3.8e+00,1.7e+00,9.1e-01,3.8e+00,,23.1,-1.0,21.9,-1.0,21.5,,21.5,0.0,3844,3844,0.6,0.6,0.55,0.55,5.1,5.1,0.07,0.07,30.5,30.5,44.1,44.1
K2-3 c,1,1,1.9,1.3,4.8,1.7e+00,3.8e+00,1.7e+00,9.1e-01,3.8e+00,,23.1,-1.0,21.9,-1.0,21.5,,21.5,0.0,3844,3844,0.6,0.6,0.55,0.55,2.7,2.7,0.14,0.14,30.5,30.5,44.1,44.1
K2-3 d,1.4,1.4,2.7,1.9,7,1.7e+00,3.8e+00,1.7e+00,9.1e-01,3.8e+00,,23.1,-1.0,21.9,-1.0,21.5,,21.5,0.0,3844,3844,0.6,0.6,0.55,0.55,2.2,2.2,0.20,0.20,30.5,30.5,44.1,44.1
K2-406 b,1.5,1.5,1.4,1,4,1.9e+01,1.9e+01,2.7e+01,1.9e+01,,,20.5,,20.5,0.0,15.3,,15.3,0.0,5784,5784,0.8,0.8,0.96,0.96,19.2,19.2,0.15,0.15,,5.2,85.4,85.4
K2-415 b,24,24,2.9,2.2,6.3,1.1e+01,4.7e-01,1.1e+01,3.2e-01,4.7e-01,,23.0,-1.0,21.7,-1.0,23.2,,23.2,0.0,3173,3173,0.2,0.2,0.20,0.20,7.5,7.5,0.03,0.03,22.5,22.5,21.8,21.8
KELT-24 b,3.2,3.2,3.3,5.2,13,5.7e+01,5.0e+01,3.4e+01,5.0e+01,,,18.2,,18.2,0.0,13.0,,13.0,0.0,6509,6426,1.5,1.3,1.51,1.34,1646.4,1458.8,0.07,0.07,-5.8,-5.6,96.5,96.5
Kepler-37 b,nan,nan,1.4,1.1,2.7,,9.5e+00,2.3e+01,9.5e+00,,,,,21.4,-1.0,,,15.6,0.0,5357,5357,0.8,0.8,0.79,0.79,0.8,0.8,0.10,0.10,-30.1,-30.1,63.9,63.9
Kepler-37 c,nan,nan,2.3,1.7,4.4,,9.5e+00,2.3e+01,9.5e+00,,,,,21.4,-1.0,,,15.6,0.0,5357,5357,0.8,0.8,0.79,0.79,1.3,1.3,0.14,0.14,-30.1,-30.1,63.9,63.9
Kepler-37 d,4.1,4.1,4.1,3,7.9,9.5e+00,9.5e+00,2.3e+01,9.5e+00,,,23.7,-1.0,21.4,-1.0,18.9,,15.6,0.0,5357,5357,0.8,0.8,0.79,0.79,2.0,2.0,0.21,0.21,-30.1,-30.1,63.9,63.9
Kepler-37 d,4.1,4.1,4.1,3,7.9,9.5e+00,9.5e+00,2.3e+01,9.5e+00,,,23.7,-1.0,21.4,-1.0,18.9,,15.6,0.0,5357,5357,0.8,0.8,0.79,0.79,2.0,2.0,0.21,0.21,-30.1,-30.1,63.9,63.9
Kepler-37 d,nan,nan,4.1,3,7.9,,9.5e+00,2.3e+01,9.5e+00,,,,,21.4,-1.0,,,15.6,0.0,5357,5357,0.8,0.8,0.79,0.79,2.0,2.0,0.21,0.21,-30.1,-30.1,63.9,63.9
Kepler-37 d,nan,nan,4.1,3,7.9,,9.5e+00,2.3e+01,9.5e+00,,,,,21.4,-1.0,,,15.6,0.0,5357,5357,0.8,0.8,0.79,0.79,2.0,2.0,0.21,0.21,-30.1,-30.1,63.9,63.9
Kepler-37 e,nan,nan,7.3,5.3,16,,8.6e+00,2.2e+01,8.6e+00,,,,,21.4,-1.0,,,15.6,0.0,5288,5288,0.8,0.8,0.77,0.77,8.1,8.1,0.25,0.25,-30.1,-30.1,63.9,63.9
Kepler-409 b,7.1,7.1,7.1,5.2,15,1.1e+01,1.1e+01,2.3e+01,1.1e+01,,,nan,-1.0,,,20.7,,16.2,0.0,5421,5421,0.9,0.9,0.90,0.90,6.0,6.0,0.32,0.32,-28.3,-28.3,68.2,68.2
Kepler-42 b,nan,nan,0.76,0.26,0.88,,2.7e-01,9.6e+00,2.7e-01,,,,,22.0,-1.0,,,22.5,-1.0,3068,3068,0.1,0.1,0.17,0.17,0.4,0.4,0.01,0.01,-84.5,-84.5,40.1,40.1
Kepler-42 c,nan,nan,0.36,0.13,0.41,,2.7e-01,9.6e+00,2.7e-01,,,,,22.0,-1.0,,,22.5,-1.0,3068,3068,0.1,0.1,0.17,0.17,0.3,0.3,0.01,0.01,-84.5,-84.5,40.1,40.1
Kepler-42 d,nan,nan,0.69,0.24,0.8,,2.7e-01,9.6e+00,2.7e-01,,,,,22.0,-1.0,,,22.5,-1.0,3068,3068,0.1,0.1,0.17,0.17,0.1,0.1,0.02,0.02,-84.5,-84.5,40.1,40.1
Kepler-444 c,1.7,1.7,1.7,1.6,1.8,5.9e+00,5.9e+00,2.0e+01,5.9e+00,,,nan,-1.0,,,nan,-1.0,15.6,0.0,5046,5046,0.8,0.8,0.75,0.75,0.1,0.1,0.05,0.05,-121.9,-121.9,36.4,36.4
Kepler-444 d,2.8,2.8,2.8,2.7,3.1,5.9e+00,5.9e+00,2.0e+01,5.9e+00,,,nan,-1.0,,,nan,-1.0,15.6,0.0,5046,5046,0.8,0.8,0.75,0.75,0.2,0.2,0.06,0.06,-121.9,-121.9,36.4,36.4
Kepler-444 e,2.6,2.6,2.6,2.5,2.8,5.9e+00,5.9e+00,2.0e+01,5.9e+00,,,nan,-1.0,,,nan,-1.0,15.6,0.0,5046,5046,0.8,0.8,0.75,0.75,0.1,0.1,0.07,0.07,-121.9,-121.9,36.4,36.4
Kepler-93 b,nan,nan,0.13,0.092,0.52,,1.5e+01,2.6e+01,1.5e+01,,,,,21.9,0.0,,,15.5,0.0,5669,5669,0.9,0.9,0.92,0.92,4.7,4.7,0.05,0.05,27.6,27.6,95.9,95.9
L 98-59 b,4.7,4.7,4.5,4.1,5.7,1.0e+00,1.0e+00,1.0e+00,4.7e-01,,,nan,-1.0,,,nan,-1.0,,,3415,3415,0.3,0.3,0.30,0.30,0.4,0.4,0.02,0.02,-7.6,-5.6,10.6,10.6
L 98-59 c,12,12,11,10,14,1.0e+00,1.0e+00,1.0e+00,4.7e-01,,,nan,-1.0,,,nan,-1.0,,,3412,3415,0.3,0.3,0.31,0.30,2.4,2.2,0.03,0.03,-7.6,-5.6,10.6,10.6
L 98-59 d,19,19,18,16,23,1.0e+00,1.0e+00,1.0e+00,4.7e-01,,,nan,-1.0,,,nan,-1.0,,,3412,3415,0.3,0.3,0.31,0.30,2.3,1.9,0.05,0.05,-7.6,-5.6,10.6,10.6
LHS 1140 b,21,21,23,19,34,6.6e-01,7.4e-01,7.4e-01,2.8e-01,,,23.4,-1.0,22.1,-1.0,22.0,-1.0,22.0,-1.0,2988,3096,0.2,0.2,0.21,0.22,6.4,5.6,0.10,0.09,-13.2,-13.2,15.0,15.0
LHS 1140 c,7.6,7.6,8.1,6.8,11,6.6e-01,7.4e-01,7.4e-01,2.8e-01,,,23.4,-1.0,22.1,-1.0,22.0,-1.0,22.0,-1.0,2988,3096,0.2,0.2,0.21,0.22,1.8,1.9,0.03,0.03,-13.2,-13.2,15.0,15.0
LHS 475 b,13,13,4.3,3.8,6,9.2e-01,9.2e-01,9.2e-01,3.9e-01,,,nan,-1.0,21.1,-1.0,nan,-1.0,21.5,-1.0,3300,3300,0.3,0.3,0.28,0.28,0.9,0.9,0.04,0.02,-45.4,-10.3,12.5,12.5
LP 791-18 b,nan,nan,0.25,0.17,0.81,,2.3e-01,9.2e+00,2.3e-01,,,,,21.7,-1.0,,,21.8,-1.0,2960,2960,0.1,0.1,0.18,0.18,1.9,1.9,0.01,0.01,14.1,14.1,26.5,26.5
LP 791-18 c,nan,nan,1.2,0.82,4.1,,2.3e-01,9.2e+00,2.3e-01,,,,,21.7,-1.0,,,21.8,-1.0,2960,2960,0.1,0.1,0.18,0.18,7.1,7.1,0.03,0.03,14.1,14.1,26.5,26.5
LP 791-18 d,nan,nan,0.4,0.28,1.3,,2.3e-01,9.2e+00,2.3e-01,,,,,21.7,-1.0,,,21.8,-1.0,2960,2960,0.1,0.1,0.18,0.18,0.9,0.9,0.02,0.02,14.1,14.1,26.5,26.5
LTT 1445 A b,11,11,29,28,34,4.1e-01,2.4e+00,1.1e+01,4.1e-01,1.4e+00,2.4e+00,20.4,,20.4,0.0,19.0,,19.0,0.0,3340,3340,0.3,0.3,0.27,0.27,2.9,2.7,0.02,0.02,-5.4,-5.4,6.9,6.9
LTT 1445 A c,11,11,29,28,34,4.1e-01,2.4e+00,1.1e+01,4.1e-01,1.4e+00,2.4e+00,20.4,,20.4,0.0,19.0,,19.0,0.0,3340,3340,0.3,0.3,0.27,0.27,1.5,1.5,0.03,0.03,-5.4,-5.4,6.9,6.9
LTT 3780 c,8.7,8.7,8.9,6.3,15,9.9e-01,9.8e-01,9.8e-01,4.3e-01,,,22.9,-1.0,21.6,-1.0,21.8,-1.0,21.8,-1.0,3360,3358,0.4,0.4,0.38,0.38,7.0,8.0,0.08,0.08,,0.3,22.0,22.0
TOI-1130 c,1.7,1.7,1.7,1.5,7.1,2.9e+00,2.9e+00,2.9e+00,2.0e+00,,,23.6,-1.0,,,20.9,,,,4350,4360,0.7,0.7,0.70,0.70,325.7,336.0,0.07,0.07,-9.5,-9.5,58.3,58.3
TOI-1136 e,4.2,4.2,1.4,0.92,3.3,1.8e+01,1.8e+01,2.7e+01,1.8e+01,,,20.6,,20.6,0.0,14.9,,14.9,0.0,5770,5770,1.0,1.0,0.97,0.97,7.5,6.1,0.33,0.14,,6.9,84.5,84.5
TOI-1136 f,4.6,4.6,2,1.3,5,1.8e+01,1.8e+01,2.7e+01,1.8e+01,,,20.6,,20.6,0.0,14.9,,14.9,0.0,5770,5770,1.0,1.0,0.97,0.97,14.3,9.7,0.38,0.17,,6.9,84.5,84.5
TOI-1136 g,2.8,2.8,2.2,1.5,5.5,1.8e+01,1.8e+01,2.7e+01,1.8e+01,,,20.6,,20.6,0.0,14.9,,14.9,0.0,5770,5770,1.0,1.0,0.97,0.97,6.9,5.6,0.23,0.23,,6.9,84.5,84.5
TOI-1224 b,nan,nan,8.1,7.4,13,,2.9e+01,1.2e+01,4.0e-01,1.5e+01,2.9e+01,,,20.5,0.0,,,19.0,0.0,3326,3326,0.4,0.4,0.40,0.40,5.1,5.1,0.04,0.04,14.6,14.6,37.3,37.3
TOI-1224 c,nan,nan,30,27,52,,2.9e+01,1.2e+01,4.0e-01,1.5e+01,2.9e+01,,,20.5,0.0,,,19.0,0.0,3326,3326,0.4,0.4,0.40,0.40,8.7,8.7,,0.22,14.6,14.6,37.3,37.3
TOI-1227 b,nan,nan,1.4,0.87,5,,1.0e+01,1.0e+01,2.7e-01,,,,,,,,,,,3072,3072,0.2,0.2,0.56,0.56,66.5,66.5,0.09,0.09,13.3,13.3,100.6,100.6
TOI-1231 b,7.7,7.7,8,5.2,14,5.8e-01,5.8e-01,1.2e+01,5.8e-01,,,nan,-1.0,,,21.2,-1.0,21.2,-1.0,3553,3553,0.5,0.5,0.48,0.48,15.4,15.4,0.13,0.13,68.7,70.5,27.6,27.6
TOI-1235 b,nan,nan,3.9,3,5.2,,6.0e+00,2.0e+00,1.1e+00,6.0e+00,,,,23.3,-1.0,,,20.6,0.0,3997,3997,0.6,0.6,0.62,0.62,6.7,6.7,0.04,0.04,-27.8,-27.8,39.6,39.6
TOI-1266 b,3.5,3.5,4,2.6,7.2,6.2e-01,1.2e+00,1.3e+00,6.4e-01,1.2e+00,,nan,,,,22.9,,22.9,0.0,3600,3618,0.5,0.4,0.42,0.44,13.5,4.2,0.07,0.07,-41.6,-41.6,36.0,36.0
TOI-1266 c,2.7,2.7,5.1,3.3,9.3,6.2e-01,1.2e+00,1.3e+00,6.4e-01,1.2e+00,,nan,,,,22.9,,22.9,0.0,3600,3618,0.5,0.4,0.42,0.44,2.2,2.9,0.11,0.10,-41.6,-41.6,36.0,36.0
TOI-139 b,4.4,4.4,4.3,2.9,10,2.8e+00,2.8e+00,1.7e+01,2.8e+00,,,22.5,,22.5,0.0,18.8,,18.8,0.0,4570,4570,0.7,0.7,0.70,0.70,6.6,6.6,0.22,0.22,8.2,9.7,42.4,42.4
TOI-1450 A b,nan,nan,2.3,1.9,4.3,,1.9e+00,1.1e+00,4.8e-01,1.9e+00,,,,21.0,-1.0,,,21.1,0.0,3437,3437,0.5,0.5,0.48,0.48,1.3,1.3,,0.05,,,22.4,22.4
TOI-1468 b,3.8,3.8,16,15,20,1.1e+00,1.1e+01,1.1e+00,5.3e-01,1.1e+01,,22.9,-1.0,21.7,-1.0,18.6,,18.6,0.0,3496,3496,0.3,0.3,0.34,0.34,3.2,3.2,0.04,0.04,,,24.7,24.7
TOI-1468 c,11,11,48,45,67,1.1e+00,1.1e+01,1.1e+00,5.3e-01,1.1e+01,,22.9,-1.0,21.7,-1.0,18.6,,18.6,0.0,3496,3496,0.3,0.3,0.34,0.34,6.6,6.6,0.17,0.17,,,24.7,24.7
TOI-1634 b,nan,nan,0.93,0.61,1.5,,1.1e+00,1.1e+00,5.1e-01,,,,,,,,,,,3472,3472,0.5,0.5,0.45,0.45,7.6,7.6,0.02,0.02,,-12.9,35.3,35.3
TOI-1680 b,nan,nan,0.94,0.65,3,,3.5e-01,1.0e+01,3.5e-01,,,,,21.0,-1.0,,,21.3,-1.0,3225,3225,0.2,0.2,0.21,0.21,2.8,2.8,0.03,0.03,-34.3,-34.3,37.2,37.2
TOI-1685 b,2.6,2.6,2.9,2.6,3.3,1.1e+01,1.2e+01,1.2e+01,6.0e-01,,,nan,-1.0,,,21.2,-1.0,21.2,-1.0,3434,3575,0.5,0.5,0.49,0.46,3.1,3.0,0.01,0.01,-43.4,-43.8,37.6,37.6
TOI-1695 b,2,2,2,1.1,2.9,1.4e+00,1.4e+00,1.4e+00,7.1e-01,,,22.3,-1.0,21.0,-1.0,nan,,,,3690,3690,0.5,0.5,0.52,0.52,6.4,6.4,0.03,0.03,-59.5,-59.5,45.1,45.1
TOI-1710 b,6.5,6.5,14,9.6,18,2.6e+01,2.6e+01,2.6e+01,1.6e+01,,,20.6,,20.6,0.0,15.3,,15.3,0.0,5665,5684,1.0,1.0,0.97,0.96,28.3,22.4,0.16,0.17,,-39.4,81.2,81.2
TOI-1759 b,11,11,24,19,28,2.1e+00,7.1e+00,2.1e+00,1.3e+00,7.1e+00,,nan,-1.0,,,20.3,,20.3,0.0,4065,4065,0.6,0.6,0.60,0.60,10.8,10.8,0.12,0.12,-61.3,-61.3,40.1,40.1
TOI-178 f,0.31,0.31,1.5,1.1,2.8,1.9e+00,1.4e+01,1.5e+01,1.9e+00,1.4e+01,,23.2,-1.0,22.0,-1.0,20.3,,20.3,0.0,4316,4316,0.7,0.7,0.65,0.65,7.7,7.7,0.10,0.10,57.4,57.4,62.7,62.7
TOI-178 g,0.31,0.31,1.4,1.1,2.8,1.9e+00,1.4e+01,1.5e+01,1.9e+00,1.4e+01,,23.2,-1.0,22.0,-1.0,20.3,,20.3,0.0,4316,4316,0.7,0.7,0.65,0.65,3.9,3.9,0.13,0.13,55.7,57.4,62.7,62.7
TOI-1801 b,24,24,5.4,4.3,9.5,1.3e+01,4.0e+00,1.3e+01,9.3e-01,4.0e+00,,23.2,-1.0,21.9,-1.0,20.6,,20.6,0.0,3863,3863,0.6,0.6,0.55,0.55,5.7,5.7,0.16,0.07,,-0.1,30.7,30.7
TOI-1807 b,nan,nan,0.68,0.61,1.1,,2.5e+01,2.5e+01,4.8e+00,,,,,22.6,0.0,,,17.5,0.0,4914,4914,0.8,0.8,0.75,0.75,2.4,2.4,0.01,0.01,-6.8,-6.8,42.6,42.6
TOI-198 b,5.2,5.2,5.2,3.9,9.4,1.4e+00,1.4e+00,1.4e+00,6.7e-01,1.4e+00,,23.2,-1.0,21.9,-1.0,21.7,,21.7,0.0,3650,3650,0.5,0.5,0.44,0.44,2.7,2.7,0.10,0.10,18.4,20.4,23.7,23.7
TOI-2015 b,nan,nan,6.4,5.1,11,,1.1e+01,1.1e+01,3.3e-01,,,,,,,,,,,3194,3194,0.3,0.3,0.33,0.33,16.4,16.4,0.03,0.03,-32.0,-32.0,47.3,47.3
TOI-2018 b,16,16,6.5,5.7,11,1.5e+01,3.5e+00,1.5e+01,1.5e+00,1.2e+01,3.5e+00,22.9,,22.9,0.0,18.7,,18.7,0.0,4174,4174,0.6,0.6,0.62,0.62,9.2,9.2,0.07,0.07,-25.6,-25.6,28.0,28.0
TOI-2048 b,nan,nan,2.1,1.4,6.6,,2.8e+01,2.8e+01,7.3e+00,,,,,21.7,-1.0,,,18.4,0.0,5185,5185,0.8,0.8,0.79,0.79,7.3,7.3,,0.24,-7.6,-7.6,116.6,116.6
TOI-2076 b,4.5,4.5,9.9,9,16,2.8e+01,2.8e+01,2.8e+01,7.4e+00,,,21.3,,21.3,0.0,15.6,,15.6,0.0,5187,5192,0.8,0.9,0.77,0.80,6.9,16.1,0.07,0.09,,-12.5,41.9,41.9
TOI-2076 c,8.7,8.7,25,22,44,2.8e+01,2.8e+01,2.8e+01,7.4e+00,,,21.3,,21.3,0.0,15.6,,15.6,0.0,5187,5192,0.8,0.9,0.77,0.80,12.0,55.0,0.11,0.14,,-12.5,41.9,41.9
TOI-2076 d,12,12,26,23,46,2.8e+01,2.8e+01,2.8e+01,7.4e+00,,,21.3,,21.3,0.0,15.6,,15.6,0.0,5187,5192,0.8,0.9,0.77,0.80,10.5,29.0,0.15,0.20,,-12.5,41.9,41.9
TOI-2095 b,3,3,3,1.9,6.9,1.5e+00,1.5e+00,1.5e+00,7.9e-01,,,nan,-1.0,,,nan,-1.0,,,3759,3759,0.4,0.4,0.44,0.44,4.1,4.1,0.10,0.10,-19.9,-19.9,41.9,41.9
TOI-2095 c,4.6,4.6,4.6,2.8,11,1.5e+00,1.5e+00,1.5e+00,7.9e-01,,,nan,-1.0,,,nan,-1.0,,,3759,3759,0.4,0.4,0.44,0.44,7.4,7.4,0.14,0.14,-19.9,-19.9,41.9,41.9
TOI-2096 b,nan,nan,0.2,0.12,0.7,,3.9e-01,1.0e+01,3.9e-01,,,,,21.6,-1.0,,,21.8,-1.0,3300,3300,0.2,0.2,0.24,0.24,2.1,2.1,0.03,0.03,,,48.5,48.5
TOI-2096 c,nan,nan,0.41,0.24,1.5,,3.9e-01,1.0e+01,3.9e-01,,,,,21.6,-1.0,,,21.8,-1.0,3300,3300,0.2,0.2,0.24,0.24,4.3,4.3,0.04,0.04,,,48.5,48.5
TOI-2120 b,nan,nan,0.81,0.47,2.3,,3.0e-01,9.8e+00,3.0e-01,,,,,,,,,21.2,-1.0,3131,3131,0.2,0.2,0.25,0.25,6.8,6.8,0.04,0.04,20.9,20.9,32.2,32.2
TOI-2134 b,7.8,7.8,7.8,7.1,13,3.7e+00,3.7e+00,3.7e+00,2.8e+00,,,22.5,-1.0,21.3,-1.0,17.8,,17.8,0.0,4580,4580,0.7,0.7,0.71,0.71,9.1,9.1,0.08,0.08,-21.0,-21.0,22.6,22.6
TOI-2134 c,23,23,23,21,42,3.7e+00,3.7e+00,3.7e+00,2.8e+00,,,22.5,-1.0,21.3,-1.0,17.8,,17.8,0.0,4580,4580,0.7,0.7,0.71,0.71,41.9,41.9,0.37,0.37,-21.0,-21.0,22.6,22.6
TOI-2136 b,2.8,2.8,2.8,2,7,9.7e-01,9.7e-01,9.7e-01,4.2e-01,,,nan,-1.0,,,nan,-1.0,,,3342,3342,0.3,0.3,0.34,0.34,6.4,6.4,0.06,0.06,-28.8,-28.8,33.4,33.4
TOI-2141 b,3.7,3.7,3.7,3,8.5,2.5e+01,2.5e+01,2.5e+01,1.5e+01,,,nan,-1.0,,,nan,-1.0,,,5659,5659,0.9,0.9,0.98,0.98,24.0,24.0,0.13,0.13,-19.4,-19.4,77.7,77.7
TOI-2194 b,35,35,35,32,41,3.7e+00,3.7e+00,1.8e+01,3.7e+00,,,22.4,-1.0,21.1,-1.0,16.4,,16.4,0.0,4756,4756,0.7,0.7,0.69,0.69,4.6,4.6,0.21,0.21,52.9,52.9,19.6,19.6
TOI-237 b,nan,nan,1.5,0.89,3.6,,8.4e-01,8.4e-01,3.4e-01,,,,,22.0,-1.0,,,21.9,-1.0,3212,3212,0.2,0.2,0.21,0.21,2.7,2.7,0.03,0.03,7.8,7.8,38.1,38.1
TOI-2427 b,nan,nan,1.6,1.5,2.4,,1.0e+01,1.4e+01,1.3e+00,1.0e+01,,,,22.0,-1.0,,,19.0,0.0,4072,4072,0.6,0.6,0.65,0.65,3.9,3.9,0.02,0.02,,36.8,28.5,28.5
TOI-244 b,3.5,3.5,3.3,2.2,5.1,1.1e+00,7.1e-01,1.1e+00,4.8e-01,7.1e-01,,23.3,-1.0,22.0,-1.0,22.6,,22.6,0.0,3433,3433,0.4,0.4,0.43,0.43,2.7,2.7,0.06,0.06,13.2,,22.0,22.0
TOI-2443 b,16,16,41,39,54,2.0e+00,1.2e+01,1.6e+01,2.0e+00,1.2e+01,,nan,-1.0,,,18.4,,18.4,0.0,4357,4357,0.7,0.7,0.73,0.73,8.1,8.1,0.18,0.18,,72.9,23.9,23.9
TOI-2459 b,7.3,7.3,22,17,28,1.6e+00,6.7e+00,1.5e+01,1.6e+00,1.5e+01,6.7e+00,22.5,,22.5,0.0,19.0,,19.0,0.0,4195,4195,0.7,0.7,0.68,0.68,9.0,9.0,0.28,0.28,,,36.6,36.6
TOI-251 b,4.1,4.1,3.9,3.5,9.6,3.9e+01,3.9e+01,3.9e+01,2.1e+01,,,nan,-1.0,,,nan,-1.0,,,5875,5875,1.0,1.0,0.88,0.88,317.8,317.8,0.06,0.06,-3.5,-2.1,99.5,99.5
TOI-257 b,5.5,5.5,5.5,4,7.7,3.0e+01,3.0e+01,3.0e+01,3.0e+01,,,19.2,,19.2,0.0,13.6,,13.6,0.0,6095,6095,1.4,1.4,1.87,1.87,43.9,43.9,0.15,0.15,,0.1,76.9,76.9
TOI-262 b,4.2,4.2,4.1,3.1,6.1,8.2e+00,8.2e+00,8.2e+00,8.9e+00,,,23.2,-1.0,21.9,-1.0,16.0,,16.0,0.0,5310,5310,0.9,0.9,0.85,0.85,4.9,4.9,0.16,0.16,31.1,32.6,43.9,43.9
TOI-270 d,3.4,3.4,6.9,5.3,10,5.4e-01,1.5e+00,1.1e+01,5.4e-01,1.5e+00,,23.1,-1.0,21.9,-1.0,21.5,,21.5,0.0,3506,3506,0.4,0.4,0.38,0.38,4.8,4.8,0.07,0.07,24.7,26.4,22.5,22.5
TOI-3884 b,nan,nan,2.2,1.4,6.1,,1.6e+00,1.0e+01,3.2e-01,1.6e+00,,,,22.0,-1.0,,,22.8,0.0,3269,3180,0.3,0.3,0.30,0.30,16.5,32.6,0.04,0.04,8.3,3.2,43.1,43.1
TOI-406.01,nan,nan,22,19,28,,9.8e+00,1.1e+01,4.2e-01,2.7e+00,9.8e+00,,,21.6,0.0,,,21.3,0.0,3349,3349,0.5,0.5,0.39,0.39,4.5,4.5,0.09,0.09,,,31.1,31.1
TOI-411 c,4,4,3.9,3.1,5.3,3.4e+01,3.4e+01,3.1e+01,3.4e+01,,,19.4,,19.4,0.0,13.1,,13.1,0.0,6169,6169,1.1,1.1,1.12,1.12,9.7,9.7,0.10,0.10,15.5,16.9,62.8,62.8
TOI-421 b,1.1,1.1,1.1,0.72,1.9,8.4e+00,8.1e+00,8.1e+00,8.6e+00,,,nan,-1.0,,,nan,-1.0,,,5325,5291,0.8,0.8,0.87,0.87,7.2,6.7,0.06,0.06,79.5,79.5,74.8,74.8
TOI-421 c,3.2,3.2,2.9,2,5.4,8.4e+00,8.1e+00,8.1e+00,8.6e+00,,,nan,-1.0,,,nan,-1.0,,,5325,5291,0.8,0.8,0.87,0.87,16.4,14.1,0.12,0.12,79.5,79.5,74.8,74.8
TOI-431 d,4,4,3.9,3.1,5.7,5.0e+00,5.0e+00,5.0e+00,4.3e+00,,,22.5,-1.0,21.2,-1.0,16.9,,16.9,0.0,4850,4850,0.8,0.8,0.73,0.73,9.9,9.9,0.10,0.10,47.3,48.8,32.6,32.6
TOI-4438 b,nan,nan,3,2.4,7,,1.1e+00,1.1e+00,4.7e-01,,,,,21.3,-1.0,,,,,3422,3422,0.4,0.4,0.37,0.37,5.4,5.4,0.05,0.05,-35.8,-35.8,30.0,30.0
TOI-444 b,12,12,12,9.3,15,2.2e+01,2.2e+01,2.2e+01,7.8e+00,,,21.0,,21.0,0.0,16.6,,16.6,0.0,5225,5225,1.0,1.0,0.78,0.78,8.1,8.1,0.13,0.13,-1.0,0.6,57.4,57.4
TOI-500 b,nan,nan,0.21,0.18,0.34,,1.8e+01,1.6e+01,2.3e+00,1.8e+01,,,,,,,,19.2,0.0,4440,4440,0.7,0.7,0.68,0.68,1.4,1.4,0.01,0.01,,55.6,47.4,47.4
TOI-540 b,15,15,2.9,2.3,3.6,1.1e+01,5.8e-01,1.1e+01,3.4e-01,5.8e-01,,23.0,-1.0,21.7,-1.0,21.9,,21.9,0.0,3216,3216,0.2,0.2,0.19,0.19,0.7,0.7,0.01,0.01,,,14.0,14.0
TOI-544 b,nan,nan,2,1.8,2.5,,1.5e+01,1.5e+01,1.5e+00,,,,,,,,,,,4169,4169,0.6,0.6,0.62,0.62,2.9,2.9,0.02,0.02,,7.9,41.1,41.1
TOI-561 c,2.1,2.1,2.1,1.4,3.5,9.8e+00,9.8e+00,2.3e+01,9.8e+00,,,23.1,-1.0,21.8,-1.0,16.1,,16.1,0.0,5372,5372,0.8,0.8,0.84,0.84,5.4,5.4,0.09,0.09,78.2,79.5,85.8,85.8
TOI-561 d,5.2,5.2,5.2,3.4,9,9.8e+00,9.8e+00,2.3e+01,9.8e+00,,,23.1,-1.0,21.8,-1.0,16.1,,16.1,0.0,5372,5372,0.8,0.8,0.84,0.84,13.2,13.2,0.16,0.16,79.5,79.5,85.8,85.8
TOI-561 e,8.1,8.1,8.1,5.3,15,9.8e+00,9.8e+00,2.3e+01,9.8e+00,,,23.1,-1.0,21.8,-1.0,16.1,,16.1,0.0,5372,5372,0.8,0.8,0.84,0.84,12.6,12.6,0.33,0.33,79.5,79.5,85.8,85.8
TOI-5799 b,nan,nan,1.2,0.85,3.1,,5.4e-01,1.1e+01,5.4e-01,,,,,,,,,,,3514,3514,0.3,0.3,0.33,0.33,3.3,3.3,0.04,0.04,,-21.5,27.8,27.8
TOI-620 b,11,11,4.5,3.3,6.9,1.4e+01,3.4e+00,1.4e+01,7.3e-01,3.4e+00,,22.9,-1.0,21.7,-1.0,21.0,,21.0,0.0,3708,3708,0.6,0.6,0.55,0.55,13.6,13.6,0.05,0.05,4.4,5.4,33.0,33.0
TOI-674 b,nan,nan,0.49,0.34,1.5,,1.2e+00,1.2e+00,5.4e-01,,,,,21.2,-1.0,,,21.5,-1.0,3514,3514,0.4,0.4,0.42,0.42,23.6,23.6,0.03,0.03,13.5,13.5,46.1,46.1
TOI-700 c,5.3,5.3,5.2,3.8,10,1.1e+00,1.1e+00,1.1e+00,5.0e-01,,,22.5,-1.0,21.2,-1.0,21.5,-1.0,21.5,-1.0,3459,3459,0.4,0.4,0.42,0.42,7.3,7.3,0.09,0.09,-4.8,-4.4,31.1,31.1
TOI-700 d,5.1,5.1,5.1,3.7,10,1.1e+00,1.1e+00,1.1e+00,5.0e-01,,,22.5,-1.0,21.2,-1.0,21.5,-1.0,21.5,-1.0,3459,3459,0.4,0.4,0.42,0.42,1.2,1.2,0.16,0.16,-4.8,-4.4,31.1,31.1
TOI-700 e,3.6,3.6,3.6,2.6,6.9,1.1e+00,1.1e+00,1.1e+00,5.0e-01,,,22.5,-1.0,21.2,-1.0,21.5,-1.0,21.5,-1.0,3459,3459,0.4,0.4,0.42,0.42,0.8,0.8,0.13,0.13,-4.8,-4.4,31.1,31.1
TOI-712 b,5,5,4,2.9,5.9,1.7e+01,1.7e+01,1.7e+01,3.0e+00,,,nan,-1.0,,,19.0,,19.0,0.0,4622,4622,0.7,0.7,0.67,0.67,4.8,4.8,0.08,0.08,1.8,3.2,58.6,58.6
TOI-712 c,17,17,14,9.8,22,1.7e+01,1.7e+01,1.7e+01,3.0e+00,,,nan,-1.0,,,19.0,,19.0,0.0,4622,4622,0.7,0.7,0.67,0.67,7.8,7.8,0.24,0.24,1.8,3.2,58.6,58.6
TOI-712 d,17,17,14,9.8,22,1.7e+01,1.7e+01,1.7e+01,3.0e+00,,,nan,-1.0,,,19.0,,19.0,0.0,4622,4622,0.7,0.7,0.67,0.67,6.7,6.7,0.34,0.34,1.8,3.2,58.6,58.6
TOI-715 b,nan,nan,0.86,0.49,2.8,,2.7e-01,9.6e+00,2.7e-01,,,,,,,,,,,3075,3075,0.2,0.2,0.24,0.24,3.0,3.0,0.08,0.08,,,42.4,42.4
TOI-771 b,nan,nan,0.83,0.58,2.1,,3.3e-01,1.0e+01,3.3e-01,,,,,20.5,-1.0,,,21.1,-1.0,3201,3201,0.2,0.2,0.24,0.24,2.6,2.6,0.02,0.02,,,25.3,25.3
TOI-776 b,3.9,3.9,7.1,5.9,8.9,1.4e+00,3.2e+00,1.2e+01,7.5e-01,3.2e+00,,22.4,-1.0,21.2,-1.0,20.7,,20.7,0.0,3709,3725,0.5,0.5,0.54,0.55,4.0,5.0,0.07,0.07,48.1,49.3,27.2,27.2
TOI-776 c,6.6,6.6,12,10,16,1.4e+00,3.2e+00,1.2e+01,7.5e-01,3.2e+00,,22.4,-1.0,21.2,-1.0,20.7,,20.7,0.0,3709,3725,0.5,0.5,0.54,0.55,5.3,6.9,0.10,0.10,48.1,49.3,27.2,27.2
TOI-836 b,7.4,7.4,7.3,6.9,10,1.7e+01,1.7e+01,1.7e+01,2.7e+00,,,20.6,,20.6,0.0,18.4,,18.4,0.0,4552,4552,0.7,0.7,0.67,0.67,4.5,4.5,0.04,0.04,-27.8,-26.3,27.5,27.5
TOI-836 c,17,17,17,16,24,1.7e+01,1.7e+01,1.7e+01,2.7e+00,,,20.6,,20.6,0.0,18.4,,18.4,0.0,4552,4552,0.7,0.7,0.67,0.67,9.6,9.6,0.07,0.07,-27.8,-26.3,27.5,27.5
TOI-942 b,nan,nan,0.62,0.65,3.8,,2.5e+01,2.5e+01,5.2e+00,,,,,21.9,0.0,,,18.5,0.0,4969,4969,0.8,0.8,0.89,0.89,826.4,826.4,0.05,0.05,25.3,25.3,152.6,152.6
TOI-942 c,nan,nan,0.72,0.41,2.3,,2.5e+01,2.5e+01,5.2e+00,,,,,21.9,0.0,,,18.5,0.0,4969,4969,0.8,0.8,0.89,0.89,37.0,37.0,0.09,0.09,25.3,25.3,152.6,152.6
TRAPPIST-1 b,26,26,47,46,50,8.0e+00,8.0e+00,8.0e+00,1.2e-01,,,22.8,-1.0,21.6,-1.0,21.6,-1.0,21.6,-1.0,2566,2566,0.1,0.1,0.12,0.12,1.4,1.4,0.01,0.01,,-52.0,12.4,12.4
TRAPPIST-1 c,36,36,64,63,69,8.0e+00,8.0e+00,8.0e+00,1.2e-01,,,22.8,-1.0,21.6,-1.0,21.6,-1.0,21.6,-1.0,2566,2566,0.1,0.1,0.12,0.12,1.3,1.3,0.02,0.02,,-52.0,12.4,12.4
TRAPPIST-1 d,33,33,60,59,64,8.0e+00,8.0e+00,8.0e+00,1.2e-01,,,22.8,-1.0,21.6,-1.0,21.6,-1.0,21.6,-1.0,2566,2566,0.1,0.1,0.12,0.12,0.4,0.4,0.02,0.02,,-52.0,12.4,12.4
TRAPPIST-1 e,54,54,1e+02,98,1.1e+02,8.0e+00,8.0e+00,8.0e+00,1.2e-01,,,22.8,-1.0,21.6,-1.0,21.6,-1.0,21.6,-1.0,2566,2566,0.1,0.1,0.12,0.12,0.7,0.7,0.03,0.03,,-52.0,12.4,12.4
TRAPPIST-1 f,85,85,1.6e+02,1.6e+02,1.8e+02,8.0e+00,8.0e+00,8.0e+00,1.2e-01,,,22.8,-1.0,21.6,-1.0,21.6,-1.0,21.6,-1.0,2566,2566,0.1,0.1,0.12,0.12,1.0,1.0,0.04,0.04,,-52.0,12.4,12.4
TRAPPIST-1 g,86,86,1.6e+02,1.6e+02,1.8e+02,8.0e+00,8.0e+00,8.0e+00,1.2e-01,,,22.8,-1.0,21.6,-1.0,21.6,-1.0,21.6,-1.0,2566,2566,0.1,0.1,0.12,0.12,1.3,1.3,0.05,0.05,,-52.0,12.4,12.4
TRAPPIST-1 h,86,86,1.6e+02,1.6e+02,1.8e+02,8.0e+00,8.0e+00,8.0e+00,1.2e-01,,,22.8,-1.0,21.6,-1.0,21.6,-1.0,21.6,-1.0,2566,2566,0.1,0.1,0.12,0.12,0.3,0.3,0.06,0.06,,-52.0,12.4,12.4
WASP-107 b,1.9,1.9,1.9,1.4,4.3,1.6e+01,1.6e+01,1.6e+01,2.2e+00,,,nan,-1.0,,,nan,-1.0,,,4425,4425,0.7,0.7,0.67,0.67,30.5,30.5,0.06,0.06,14.2,14.2,64.7,64.7
WASP-69 b,4.5,4.5,4.5,3.8,7.9,1.8e+01,1.8e+01,1.8e+01,3.4e+00,,,22.8,-1.0,21.5,-1.0,17.5,,17.5,0.0,4700,4700,1.0,1.0,0.86,0.86,92.2,92.2,0.05,0.05,-9.6,-9.6,50.0,50.0
WASP-8 b,2.5,2.5,2.5,2.8,10,1.4e+01,1.4e+01,2.5e+01,1.4e+01,,,22.3,,22.3,0.0,16.4,,16.4,0.0,5600,5600,1.3,1.3,1.03,1.03,807.3,807.3,0.08,0.08,-1.5,-1.5,90.0,90.0
WASP-80 b,0.55,0.55,0.55,0.42,2.1,1.4e+00,1.4e+00,1.4e+01,1.4e+00,,,nan,-1.0,,,nan,-1.0,,,4143,4143,0.6,0.6,0.59,0.59,171.0,171.0,0.03,0.03,10.2,10.2,49.8,49.8
Wolf 503 b,2.7,2.7,2.7,2,4.3,3.5e+00,3.5e+00,1.8e+01,3.5e+00,,,23.2,-1.0,21.8,-1.0,21.7,,18.5,0.0,4716,4716,0.7,0.7,0.69,0.69,6.3,6.3,0.06,0.06,-46.8,-46.8,44.5,44.5
pi Men c,10,10,9.9,9.8,14,2.7e+01,2.7e+01,2.9e+01,2.7e+01,,,22.4,-1.0,17.5,0.0,21.5,-1.0,21.5,-1.0,6037,6037,1.1,1.1,1.19,1.19,3.6,3.6,0.07,0.07,9.4,10.7,18.3,18.3
