Target Name,RA,RA Uncertainty,DEC,DEC Uncertainty,Reference Frame,Epoch,RA PM,RA PM units,DEC PM,DEC PM units,Annual Parallax,V-Magnitude,Mag Uncertainty,Other Fluxes,Category,Description,Radial Velocity,Comments
KELT-24,161.90979430216004,1.3699999726668466e-05,71.65587569608,1.3699999726668466e-05,ICRS,2000.0,-56.061,MAS/YR,-34.526,MAS/YR,0.010321799999999999,8.329999923706055,0.03,"G=8.25, NUV=12.97, FUV=18.23",STAR,"[F3-F9, Extra-solar Planetary System]",-5.63,Predicted Lya flux before ISM absorption 1.3e-13;FUV used for buffer time estimate 18.23;deemed INACTIVE on the basis of age > 1;stellar mass 1.27;stellar Teff 6426.00;GALEX fuv mag = 18.23;Rossby number unknown due to no cataloged rotation period;cataloged age of 2 Gyr
TOI-1266,197.99816682201998,1.1500000255182385e-05,65.83380640155,1.1500000255182385e-05,ICRS,2000.0,-150.557,MAS/YR,-25.339,MAS/YR,0.027739999999999997,12.951000213623047,0.049,"G=12.11, NUV=22.86",STAR,"[M V-IV, Extra-solar Planetary System]",-41.58,Predicted Lya flux before ISM absorption 2.2e-14;FUV used for buffer time estimate 29.21;deemed INACTIVE on the basis of Rossby number > 0.5;stellar mass 0.44;stellar Teff 3563.00;no GALEX fuv observation;Rossby number estimate of 5.76 based on measured 44.6 d rotation period;cataloged age of 5 Gyr
TOI-1468,16.654064298290002,2.9599999834317714e-05,19.225878717610005,2.9599999834317714e-05,ICRS,2000.0,-42.067,MAS/YR,-222.79,MAS/YR,0.0404516,12.5,0.2,"G=12.10, NUV=18.65",STAR,"[M V-IV, Extra-solar Planetary System]",,Predicted Lya flux before ISM absorption 4.1e-13;FUV used for buffer time estimate 28.66;deemed INACTIVE on the basis of Rossby number > 0.5;stellar mass 0.35;stellar Teff 3376.00;GALEX fuv mag > 21.68;Rossby number estimate of 5.75 based on measured 42.5 d rotation period;no cataloged age
TOI-1695,21.92072026551,1.0700000530050602e-05,72.29644065428,1.0700000530050602e-05,ICRS,2000.0,71.628,MAS/YR,40.45,MAS/YR,0.0222257,12.98900032043457,0.081,G=12.13,STAR,"[M V-IV, Extra-solar Planetary System]",-59.46196,Predicted Lya flux before ISM absorption 1.6e-14;FUV used for buffer time estimate 29.34;deemed INACTIVE on the basis of Rossby number > 0.5;stellar mass 0.51;stellar Teff 3690.00;GALEX fuv mag > 21.02;Rossby number estimate of 5.85 based on measured 47.7 d rotation period;no cataloged age
TOI-1710,94.28275975625,7.699999514443334e-06,76.2107803864,7.699999514443334e-06,ICRS,2000.0,59.643,MAS/YR,55.668,MAS/YR,0.0123247,9.539999961853027,0.003,"G=9.37, NUV=15.33, FUV=20.61",STAR,"[G V-IV, Extra-solar Planetary System]",-39.4,Predicted Lya flux before ISM absorption 9.2e-14;FUV used for buffer time estimate 20.61;deemed INACTIVE on the basis of Rossby number > 0.5;stellar mass 1.03;stellar Teff 5684.00;GALEX fuv mag = 20.61;Rossby number estimate of 1.57 based on measured 22.5 d rotation period;cataloged age of 2 Gyr
TOI-1801,175.57655806336,1.52000002344721e-05,23.026853401020002,1.52000002344721e-05,ICRS,2000.0,-204.891,MAS/YR,41.839,MAS/YR,0.0323697,11.40999984741211,0.1,"G=10.83, NUV=20.61",STAR,"[M V-IV, Extra-solar Planetary System]",-0.11,Predicted Lya flux before ISM absorption 1.0e-13;FUV used for buffer time estimate 25.68;deemed INACTIVE on the basis of Rossby number > 0.5;stellar mass 0.56;stellar Teff 3863.00;GALEX fuv mag > 21.95;Rossby number estimate of 1.90 based on measured 16.0 d rotation period;cataloged age of 0.7 Gyr
TOI-2018,229.83813785949246,7.199999799922807e-06,29.206174273322773,7.199999799922807e-06,ICRS,2000.0,-141.017,MAS/YR,395.497,MAS/YR,0.0356664,10.211999893188477,0.03,"G=9.72, NUV=18.72, FUV=22.89",STAR,"[K V-IV, Extra-solar Planetary System]",-25.617,Predicted Lya flux before ISM absorption 1.1e-13;FUV used for buffer time estimate 22.89;deemed INACTIVE on the basis fuv no more than 3x brighter than median for field stars of similar Teff < 5500;stellar mass 0.57;stellar Teff 4174.00;GALEX fuv mag = 22.89;Rossby number estimate of 2.76 based on measured 23.5 d rotation period;no cataloged age
TOI-2095,285.63304399688,1.3299999409355223e-05,75.41860559854,1.3299999409355223e-05,ICRS,2000.0,203.466,MAS/YR,-21.401,MAS/YR,0.0238571,13.19,0.2,G=12.09,STAR,"[M V-IV, Extra-solar Planetary System]",-19.94,Predicted Lya flux before ISM absorption 2.0e-14;FUV used for buffer time estimate 29.35;deemed INACTIVE on the basis of Rossby number > 0.5;stellar mass 0.44;stellar Teff 3759.00;no GALEX fuv observation;Rossby number estimate of 5.15 based on measured 40.0 d rotation period;cataloged age of 1 Gyr
TOI-2134,271.93519902873004,1.2999999853491317e-05,39.07414550787999,1.2999999853491317e-05,ICRS,2000.0,54.536,MAS/YR,-283.051,MAS/YR,0.0441087,8.933,0.003,"G=8.51, NUV=17.79",STAR,"[K V-IV, Extra-solar Planetary System]",-20.96,Predicted Lya flux before ISM absorption 1.7e-13;FUV used for buffer time estimate 25.59;deemed INACTIVE on the basis fuv no more than 3x brighter than median for field stars of similar Teff < 5500;stellar mass 0.74;stellar Teff 4580.00;GALEX fuv mag > 21.26;Rossby number estimate of 4.56 based on measured 45.8 d rotation period;cataloged age of 4 Gyr
TOI-2136,281.17652453529007,1.3799999578623101e-05,36.56236952657,1.3799999578623101e-05,ICRS,2000.0,-33.809,MAS/YR,177.053,MAS/YR,0.0299756,14.32,0.2,G=12.95,STAR,"[M V-IV, Extra-solar Planetary System]",-28.8,Predicted Lya flux before ISM absorption 2.0e-14;FUV used for buffer time estimate 31.57;deemed INACTIVE on the basis of Rossby number > 0.5;stellar mass 0.34;stellar Teff 3342.00;no GALEX fuv observation;Rossby number estimate of 10.21 based on measured 75.0 d rotation period;cataloged age of 5 Gyr
TOI-244,10.570585612360002,1.9400000383029692e-05,-36.71817082717,1.9400000383029692e-05,ICRS,2000.0,-154.88,MAS/YR,45.632,MAS/YR,0.045299799999999994,12.692999839782715,0.069,"G=11.55, NUV=22.58",STAR,"[M V-IV, Extra-solar Planetary System]",15.141,Predicted Lya flux before ISM absorption 3.4e-14;FUV used for buffer time estimate 29.26;deemed INACTIVE on the basis of Rossby number > 0.5;stellar mass 0.43;stellar Teff 3433.00;GALEX fuv mag > 22.00;Rossby number estimate of 6.92 based on measured 53.3 d rotation period;cataloged age of 7 Gyr
TOI-2443,40.17863810646167,1.7700000171316788e-05,1.1986778661416666,1.7700000171316788e-05,ICRS,2000.0,283.915,MAS/YR,231.745,MAS/YR,0.0418223,9.694000244140625,0.03,"G=9.04, NUV=18.44",STAR,"[K V-IV, Extra-solar Planetary System]",72.941,Predicted Lya flux before ISM absorption 4.7e-13;FUV used for buffer time estimate 22.49;deemed INACTIVE on the basis of age > 1;stellar mass 0.64;stellar Teff 4375.00;no GALEX fuv observation;Rossby number unknown due to no cataloged rotation period;cataloged age of 4 Gyr
TOI-2459,82.14283881028,1.0900000233959872e-05,-39.37311851829999,1.0900000233959872e-05,ICRS,2000.0,88.566,MAS/YR,16.941,MAS/YR,0.0272943,10.770000457763672,0.015,"G=10.17, NUV=19.00, FUV=22.53",STAR,"[K V-IV, Extra-solar Planetary System]",,Predicted Lya flux before ISM absorption 1.2e-13;FUV used for buffer time estimate 22.53;deemed INACTIVE on the basis fuv no more than 3x brighter than median for field stars of similar Teff < 5500;stellar mass 0.66;stellar Teff 4195.00;GALEX fuv mag = 22.53;Rossby number unknown due to no cataloged rotation period;no cataloged age
TOI-257,47.516592912910006,1.4199999895936344e-05,-50.83238342347,1.4199999895936344e-05,ICRS,2000.0,97.986,MAS/YR,27.924,MAS/YR,0.0130107,7.539999961853027,0.03,"G=7.43, NUV=13.58, FUV=19.16",STAR,"[F3-F9, Extra-solar Planetary System]",0.05,Predicted Lya flux before ISM absorption 1.2e-13;FUV used for buffer time estimate 19.16;deemed ACTIVE due to the absence of information indicating otherwise;stellar mass 1.41;stellar Teff 6095.00;GALEX fuv mag = 19.16;Rossby number unknown due to no cataloged rotation period;no cataloged age
TOI-444,64.18412247925,7.60000011723605e-06,-26.76590573528,7.60000011723605e-06,ICRS,2000.0,-25.766,MAS/YR,-116.434,MAS/YR,0.0174049,9.890000343322754,0.03,"G=9.61, NUV=16.63, FUV=21.03",STAR,"[K V-IV, Extra-solar Planetary System]",0.63,Predicted Lya flux before ISM absorption 1.5e-13;FUV used for buffer time estimate 21.03;deemed ACTIVE on the basis of fuv more than 3x brighter than median for field stars of similar Teff < 5500;stellar mass 0.96;stellar Teff 5225.00;GALEX fuv mag = 21.03;Rossby number estimate of 1.00 based on measured 13.0 d rotation period;cataloged age of 0.6 Gyr
TOI-620,142.1732879093604,2.4800001483527012e-05,-12.165486849276945,2.4800001483527012e-05,ICRS,2000.0,35.858,MAS/YR,-389.785,MAS/YR,0.0302902,12.26200008392334,0.024,"G=11.31, NUV=21.02",STAR,"[M V-IV, Extra-solar Planetary System]",5.4,Predicted Lya flux before ISM absorption 7.4e-14;FUV used for buffer time estimate 25.27;deemed INACTIVE on the basis of Rossby number > 0.5;stellar mass 0.58;stellar Teff 3708.00;GALEX fuv mag > 21.67;Rossby number estimate of 1.05 based on measured 9.0 d rotation period;cataloged age of 7 Gyr
TOI-700,97.09678555474,2.8500000553322025e-05,-65.57931123553,2.8500000553322025e-05,ICRS,2000.0,-102.641,MAS/YR,161.748,MAS/YR,0.0321328,13.076000213623047,0.069,G=12.06,STAR,"[M V-IV, Extra-solar Planetary System]",-4.4,Predicted Lya flux before ISM absorption 2.7e-14;FUV used for buffer time estimate 29.70;deemed INACTIVE on the basis of Rossby number > 0.5;stellar mass 0.41;stellar Teff 3459.00;GALEX fuv mag > 21.20;Rossby number estimate of 7.06 based on measured 54.0 d rotation period;cataloged age of 2 Gyr
TOI-712,92.93613592840002,9.299999874201603e-06,-65.82597193222,9.299999874201603e-06,ICRS,2000.0,-2.816,MAS/YR,30.974,MAS/YR,0.017043,10.84000015258789,0.021,"G=10.58, NUV=18.97",STAR,"[K V-IV, Extra-solar Planetary System]",3.16,Predicted Lya flux before ISM absorption 1.2e-13;FUV used for buffer time estimate 25.01;deemed INACTIVE on the basis of Rossby number > 0.5;stellar mass 0.73;stellar Teff 4622.00;no GALEX fuv observation;Rossby number estimate of 1.26 based on measured 12.5 d rotation period;cataloged age of 0.8 Gyr
TOI-1203,168.22520687765004,9.999999747378752e-06,-34.40674532068,9.999999747378752e-06,ICRS,2000.0,292.971,MAS/YR,-44.538,MAS/YR,0.0153934,8.59000015258789,0.03,"G=8.43, NUV=13.87, FUV=20.71",STAR,"[G V-IV, Extra-solar Planetary System]",72.657,Predicted Lya flux before ISM absorption 9.6e-14;FUV used for buffer time estimate 20.71;deemed INACTIVE on the basis of age > 1;stellar mass 0.89;stellar Teff 5737.00;GALEX fuv mag = 20.71;Rossby number unknown due to no cataloged rotation period;cataloged age of 1e+01 Gyr
TOI-1434,176.38057597441002,1.1699999959091656e-05,65.54098440337,1.1699999959091656e-05,ICRS,2000.0,1.419,MAS/YR,76.521,MAS/YR,0.0264449,8.75,,"G=8.57, NUV=14.87, FUV=22.41",STAR,"[G V-IV, Extra-solar Planetary System]",19.311,Predicted Lya flux before ISM absorption 1.7e-13;FUV used for buffer time estimate 22.41;deemed INACTIVE on the basis fuv no more than 3x brighter than median for field stars of similar Teff < 5500;stellar mass 0.91;stellar Teff 5393.86;GALEX fuv mag = 22.41;Rossby number unknown due to no cataloged rotation period;no cataloged age
TOI-1451,186.52433222207998,8.299999535665847e-06,61.25904424190999,8.299999535665847e-06,ICRS,2000.0,-5.596,MAS/YR,-26.777,MAS/YR,0.0110085,9.579999923706055,0.003,"G=9.43, NUV=14.95",STAR,"[G V-IV, Extra-solar Planetary System]",-40.73,Predicted Lya flux before ISM absorption 5.3e-14;FUV used for buffer time estimate 21.99;deemed INACTIVE on the basis of age > 1;stellar mass 1.00;stellar Teff 5801.00;GALEX fuv mag > 21.88;Rossby number unknown due to no cataloged rotation period;cataloged age of 4 Gyr
TOI-1643,272.26460389999994,0.01600000075995922,53.2176325,0.01600000075995922,ICRS,2000.0,-49.3,MAS/YR,24.9,MAS/YR,,9.39799976348877,,"G=nan, NUV=17.11, FUV=21.45",STAR,"[K V-IV, Extra-solar Planetary System]",,Predicted Lya flux before ISM absorption 5.4e-14;FUV used for buffer time estimate 21.45;deemed INACTIVE on the basis fuv no more than 3x brighter than median for field stars of similar Teff < 5500;stellar mass 0.77;stellar Teff 4763.00;GALEX fuv mag = 21.45;Rossby number unknown due to no cataloged rotation period;no cataloged age
TOI-1648,45.40098275952,9.299999874201603e-06,69.22990015803,9.299999874201603e-06,ICRS,2000.0,16.187,MAS/YR,5.43,MAS/YR,0.0143348,10.430000305175781,0.006,"G=10.19, NUV=18.30",STAR,"[K V-IV, Extra-solar Planetary System]",-32.177,Predicted Lya flux before ISM absorption 2.1e-14;FUV used for buffer time estimate 23.66;deemed INACTIVE on the basis of age > 1;stellar mass 0.83;stellar Teff 4850.00;GALEX fuv mag > 21.18;Rossby number unknown due to no cataloged rotation period;cataloged age of 6 Gyr
TOI-1718,112.01813601969002,1.52000002344721e-05,30.322402526609988,1.52000002344721e-05,ICRS,2000.0,-22.175,MAS/YR,-155.676,MAS/YR,0.0192074,8.97239691286954,,G=8.76,STAR,"[G V-IV, Extra-solar Planetary System]",-13.93,Predicted Lya flux before ISM absorption 8.5e-14;FUV used for buffer time estimate 18.96;deemed ACTIVE due to the absence of information indicating otherwise;stellar mass 0.90;stellar Teff 5378.00;no GALEX fuv observation;Rossby number unknown due to no cataloged rotation period;no cataloged age
TOI-1742,257.32853040904,1.0599999768601265e-05,71.8764001413,1.0599999768601265e-05,ICRS,2000.0,24.385,MAS/YR,63.236,MAS/YR,0.013694699999999999,8.859999656677246,0.002,"G=8.74, NUV=14.68, FUV=21.34",STAR,"[G V-IV, Extra-solar Planetary System]",-31.08,Predicted Lya flux before ISM absorption 8.6e-14;FUV used for buffer time estimate 21.34;deemed INACTIVE on the basis of age > 1;stellar mass 1.09;stellar Teff 5815.00;GALEX fuv mag = 21.34;Rossby number unknown due to no cataloged rotation period;cataloged age of 4 Gyr
TOI-1898,144.55560221028,2.2700000045006163e-05,23.546923781260002,2.2700000045006163e-05,ICRS,2000.0,-64.34,MAS/YR,-41.178,MAS/YR,0.0124791,7.860000133514404,0.03,"G=7.76, NUV=13.83, FUV=17.96",STAR,"[F3-F9, Extra-solar Planetary System]",-6.01,Predicted Lya flux before ISM absorption 1.4e-13;FUV used for buffer time estimate 17.96;deemed INACTIVE on the basis of age > 1;stellar mass 1.25;stellar Teff 6241.00;GALEX fuv mag = 17.96;Rossby number unknown due to no cataloged rotation period;cataloged age of 3 Gyr
TOI-2128,256.98262269376,1.140000040322775e-05,32.10548391106,1.140000040322775e-05,ICRS,2000.0,-161.884,MAS/YR,-42.106,MAS/YR,0.0272686,7.22142,0.023,"G=7.08, NUV=13.77, FUV=18.56",STAR,"[F3-F9, Extra-solar Planetary System]",-10.543,Predicted Lya flux before ISM absorption 4.3e-13;FUV used for buffer time estimate 18.56;deemed INACTIVE on the basis of age > 1;stellar mass 1.03;stellar Teff 5968.00;GALEX fuv mag = 18.56;Rossby number unknown due to no cataloged rotation period;cataloged age of 5 Gyr
TOI-214,99.46071487737503,1.3299999409355223e-05,-70.93261298424278,1.3299999409355223e-05,ICRS,2000.0,-149.725,MAS/YR,298.697,MAS/YR,0.0256779,8.680000305175781,,"G=8.51, NUV=14.68, FUV=19.32",STAR,"[G V-IV, Extra-solar Planetary System]",17.703,Predicted Lya flux before ISM absorption 1.5e-13;FUV used for buffer time estimate 19.32;deemed ACTIVE on the basis of fuv more than 3x brighter than median for field stars of similar Teff < 5500;stellar mass 0.89;stellar Teff 5346.20;GALEX fuv mag = 19.32;Rossby number unknown due to no cataloged rotation period;no cataloged age
TOI-286,90.98360538545002,1.52000002344721e-05,-60.666320166780004,1.52000002344721e-05,ICRS,2000.0,76.33,MAS/YR,-3.399,MAS/YR,0.016870899999999998,9.869999885559082,0.005,"G=9.66, NUV=16.76",STAR,"[K V-IV, Extra-solar Planetary System]",2.58,Predicted Lya flux before ISM absorption 4.7e-14;FUV used for buffer time estimate 26.35;deemed INACTIVE on the basis of Rossby number > 0.5;stellar mass 0.83;stellar Teff 5152.00;GALEX fuv mag > 21.43;Rossby number estimate of 3.25 based on measured 36.0 d rotation period;no cataloged age
TOI-4451,274.76040722540006,8.69999985297909e-06,34.04509840368,8.69999985297909e-06,ICRS,2000.0,7.106,MAS/YR,140.675,MAS/YR,0.0112791,9.039999961853027,,"G=8.96, NUV=14.18, FUV=21.19",STAR,"[F3-F9, Extra-solar Planetary System]",-41.3,Predicted Lya flux before ISM absorption 9.8e-14;FUV used for buffer time estimate 21.19;deemed ACTIVE due to the absence of information indicating otherwise;stellar mass 1.16;stellar Teff 6138.00;GALEX fuv mag = 21.19;Rossby number unknown due to no cataloged rotation period;no cataloged age
TOI-480,88.37865549677001,1.3699999726668466e-05,-16.265010387960004,1.3699999726668466e-05,ICRS,2000.0,-43.179,MAS/YR,-89.895,MAS/YR,0.018423,7.269999980926514,0.03,"G=7.16, NUV=13.95, FUV=18.52",STAR,"[F3-F9, Extra-solar Planetary System]",5.091,Predicted Lya flux before ISM absorption 2.7e-13;FUV used for buffer time estimate 18.52;deemed INACTIVE on the basis of age > 1;stellar mass 1.28;stellar Teff 6174.00;GALEX fuv mag = 18.52;Rossby number unknown due to no cataloged rotation period;cataloged age of 3 Gyr
TOI-5169,154.8690981883,1.920000067912042e-05,6.582972521139999,1.920000067912042e-05,ICRS,2000.0,-41.703,MAS/YR,-47.931,MAS/YR,0.0276037,9.020000457763672,,"G=8.74, NUV=15.95, FUV=21.05",STAR,"[K V-IV, Extra-solar Planetary System]",1.93,Predicted Lya flux before ISM absorption 9.8e-14;FUV used for buffer time estimate 21.05;deemed INACTIVE on the basis fuv no more than 3x brighter than median for field stars of similar Teff < 5500;stellar mass 0.81;stellar Teff 5002.00;GALEX fuv mag = 21.05;Rossby number unknown due to no cataloged rotation period;no cataloged age
TOI-5388,152.17549896376,1.950000114447903e-05,35.546983462069996,1.950000114447903e-05,ICRS,2000.0,192.38,MAS/YR,133.239,MAS/YR,0.0538975,12.728,0.064,G=11.72,STAR,"[M V-IV, Extra-solar Planetary System]",,Predicted Lya flux before ISM absorption 3.3e-14;FUV used for buffer time estimate 21.02;deemed ACTIVE due to the absence of information indicating otherwise;stellar mass 0.29;stellar Teff 3440.00;no GALEX fuv observation;Rossby number unknown due to no cataloged rotation period;no cataloged age
TOI-5734,111.25596776135002,1.4299999747890979e-05,37.23105934074001,1.4299999747890979e-05,ICRS,2000.0,-27.712,MAS/YR,14.511,MAS/YR,0.0307027,9.609999656677246,0.006,"G=9.20, NUV=17.28, FUV=20.98",STAR,"[K V-IV, Extra-solar Planetary System]",-9.18,Predicted Lya flux before ISM absorption 4.0e-13;FUV used for buffer time estimate 20.98;deemed INACTIVE on the basis fuv no more than 3x brighter than median for field stars of similar Teff < 5500;stellar mass 0.72;stellar Teff 4750.00;GALEX fuv mag = 20.98;Rossby number estimate of 1.13 based on measured 11.1 d rotation period;cataloged age of 0.5 Gyr
TOI-5789,302.77530829271245,1.4299999747890979e-05,16.18799804913028,1.4299999747890979e-05,ICRS,2000.0,-415.062,MAS/YR,398.487,MAS/YR,0.0489262,7.322999954223633,0.023,G=7.11,STAR,"[K V-IV, Extra-solar Planetary System]",-49.3156,Predicted Lya flux before ISM absorption 4.1e-13;FUV used for buffer time estimate 20.83;deemed INACTIVE on the basis of age > 1;stellar mass 0.82;stellar Teff 5185.00;no GALEX fuv observation;Rossby number unknown due to no cataloged rotation period;cataloged age of 5 Gyr
TOI-815,155.87188457436,8.50000014906982e-06,-43.83495593586,8.50000014906982e-06,ICRS,2000.0,8.898,MAS/YR,7.248,MAS/YR,0.0168245,10.220000267028809,0.005,"G=9.94, NUV=17.41, FUV=22.25",STAR,"[K V-IV, Extra-solar Planetary System]",-2.97361,Predicted Lya flux before ISM absorption 1.2e-13;FUV used for buffer time estimate 22.25;deemed INACTIVE on the basis fuv no more than 3x brighter than median for field stars of similar Teff < 5500;stellar mass 0.78;stellar Teff 4869.00;GALEX fuv mag = 22.25;Rossby number estimate of 1.47 based on measured 15.3 d rotation period;cataloged age of 0.2 Gyr
TOI-904,89.372309333,9.899999895424116e-06,-83.13020399575,9.899999895424116e-06,ICRS,2000.0,-28.774,MAS/YR,110.928,MAS/YR,0.021709199999999998,12.588,0.069,"G=11.85, NUV=21.76",STAR,"[M V-IV, Extra-solar Planetary System]",1.94,Predicted Lya flux before ISM absorption 3.8e-14;FUV used for buffer time estimate 26.93;deemed INACTIVE on the basis of Rossby number > 0.5;stellar mass 0.56;stellar Teff 3770.20;GALEX fuv mag > 21.13;Rossby number estimate of 2.03 based on measured 17.1 d rotation period;cataloged age of 2 Gyr
TOI-1774,148.1605371608517,1.8900000213761814e-05,35.111654251674715,1.8900000213761814e-05,ICRS,2000.0,264.737,MAS/YR,-150.095,MAS/YR,0.018572199999999997,8.25,0.03,"G=8.09, NUV=13.89, FUV=20.44",STAR,"[G V-IV, Extra-solar Planetary System]",-53.594,Predicted Lya flux before ISM absorption 1.1e-13;FUV used for buffer time estimate 20.44;deemed INACTIVE on the basis of Rossby number > 0.5;stellar mass 0.99;stellar Teff 5746.00;GALEX fuv mag = 20.44;Rossby number estimate of 1.83 based on measured 25.0 d rotation period;cataloged age of 7 Gyr
K2-18,172.56049060233002,2.2000000171829015e-05,7.588404263470001,2.2000000171829015e-05,ICRS,2000.0,-80.479,MAS/YR,-133.007,MAS/YR,0.0262469,13.5,0.042,G=12.40,STAR,"[M V-IV, Extra-solar Planetary System]",0.6537,Predicted Lya flux before ISM absorption 1.8e-14;FUV used for buffer time estimate 29.58;deemed INACTIVE on the basis of Rossby number > 0.5;stellar mass 0.36;stellar Teff 3457.00;no GALEX fuv observation;Rossby number estimate of 5.35 based on measured 39.6 d rotation period;no cataloged age
TOI-1231,156.74789167953168,1.3699999726668466e-05,-52.46942898668028,1.3699999726668466e-05,ICRS,2000.0,-89.394,MAS/YR,361.546,MAS/YR,0.0363896,12.302000045776367,0.2,G=11.36,STAR,"[M V-IV, Extra-solar Planetary System]",70.48,Predicted Lya flux before ISM absorption 1.8e-14;FUV used for buffer time estimate 24.44;deemed INACTIVE on the basis of age > 1;stellar mass 0.48;stellar Teff 3553.00;no GALEX fuv observation;Rossby number unknown due to no cataloged rotation period;cataloged age of 5 Gyr
TOI-2194,299.1542764901517,2.1500000002561137e-05,-31.335316995764448,2.1500000002561137e-05,ICRS,2000.0,409.219,MAS/YR,31.538,MAS/YR,0.0511573,8.4399995803833,0.03,"G=8.07, NUV=16.40",STAR,"[K V-IV, Extra-solar Planetary System]",52.9,Predicted Lya flux before ISM absorption 2.3e-13;FUV used for buffer time estimate 21.14;deemed INACTIVE on the basis fuv no more than 3x brighter than median for field stars of similar Teff < 5500;stellar mass 0.74;stellar Teff 4756.00;GALEX fuv mag > 21.14;Rossby number unknown due to no cataloged rotation period;no cataloged age
TOI-198,2.2681601114545837,2.6199999410891905e-05,-27.122132970265554,2.6199999410891905e-05,ICRS,2000.0,692.224,MAS/YR,90.067,MAS/YR,0.0420592,11.670000076293945,0.014,"G=10.92, NUV=21.67",STAR,"[M V-IV, Extra-solar Planetary System]",19.7,Predicted Lya flux before ISM absorption 5.9e-14;FUV used for buffer time estimate 28.26;deemed INACTIVE on the basis of Rossby number > 0.5;stellar mass 0.42;stellar Teff 3801.00;GALEX fuv mag > 21.90;Rossby number estimate of 6.34 based on measured 48.5 d rotation period;cataloged age of 1 Gyr
HAT-P-20,111.91645363367002,1.5499999790336005e-05,24.33653228642,1.5499999790336005e-05,ICRS,2000.0,-5.104,MAS/YR,-96.09,MAS/YR,0.014006500000000002,11.350000381469727,0.023,"G=10.99, NUV=19.87",STAR,"[K V-IV, Extra-solar Planetary System]",-18.81,Predicted Lya flux before ISM absorption 8.0e-14;FUV used for buffer time estimate 25.74;deemed INACTIVE on the basis of Rossby number > 0.5;stellar mass 0.76;stellar Teff 4595.00;GALEX fuv mag > 21.48;Rossby number estimate of 1.42 based on measured 14.5 d rotation period;cataloged age of 7 Gyr
TOI-6965,103.67844228577002,2.1099998775753193e-05,24.24555713617,2.1099998775753193e-05,ICRS,2000.0,-35.839,MAS/YR,-96.668,MAS/YR,0.0321855,6.840000152587891,,G=6.72,STAR,"[F3-F9, Extra-solar Planetary System]",-3.798,Predicted Lya flux before ISM absorption 6.3e-13;FUV used for buffer time estimate 14.65;deemed ACTIVE due to the absence of information indicating otherwise;stellar mass 1.09;stellar Teff 6007.00;no GALEX fuv observation;Rossby number unknown due to no cataloged rotation period;no cataloged age
TOI-406,49.26240063813459,1.3799999578623101e-05,-42.24237153972056,1.3799999578623101e-05,ICRS,2000.0,41.649,MAS/YR,-412.87,MAS/YR,0.0323545,13.793000221252441,,"G=12.54, NUV=21.28, FUV=21.63",STAR,"[M V-IV, Extra-solar Planetary System]",,Predicted Lya flux before ISM absorption 2.4e-13;FUV used for buffer time estimate 21.63;deemed ACTIVE on the basis of fuv more than 3x brighter than median for field stars of similar Teff < 5500;stellar mass 0.32;stellar Teff 3349.00;GALEX fuv mag = 21.63;Rossby number unknown due to no cataloged rotation period;no cataloged age
TOI-6973,352.2928133357,1.0900000233959872e-05,66.0994123461,1.0900000233959872e-05,ICRS,2000.0,-97.916,MAS/YR,-32.0,MAS/YR,0.0130938,9.40999984741211,,"G=9.22, NUV=15.01",STAR,"[G V-IV, Extra-solar Planetary System]",-59.58,Predicted Lya flux before ISM absorption 5.8e-14;FUV used for buffer time estimate 18.58;deemed ACTIVE due to the absence of information indicating otherwise;stellar mass 0.97;stellar Teff 5626.00;no GALEX fuv observation;Rossby number unknown due to no cataloged rotation period;no cataloged age
TOI-1224,37.19348173985,1.7100001059588976e-05,-80.89922226762,1.7100001059588976e-05,ICRS,2000.0,159.965,MAS/YR,27.171,MAS/YR,0.0268266,13.949999809265137,0.022,"G=12.77, NUV=19.04, FUV=20.46",STAR,"[M V-IV, Extra-solar Planetary System]",14.63,Predicted Lya flux before ISM absorption 2.5e-13;FUV used for buffer time estimate 20.46;deemed ACTIVE on the basis of fuv more than 3x brighter than median for field stars of similar Teff < 5500;stellar mass 0.40;stellar Teff 3326.00;GALEX fuv mag = 20.46;Rossby number estimate of 0.16 based on measured 1.2 d rotation period;cataloged age of 0.2 Gyr
WASP-59,349.6231144777199,9.800000043469481e-06,24.889288494919995,9.800000043469481e-06,ICRS,2000.0,-33.675,MAS/YR,-2.675,MAS/YR,0.0086178,12.779999732971191,0.057,"G=12.30, NUV=21.73",STAR,"[K V-IV, Extra-solar Planetary System]",-56.7976,Predicted Lya flux before ISM absorption 3.8e-14;FUV used for buffer time estimate 22.03;deemed ACTIVE on the basis of age <= 1;stellar mass 0.72;stellar Teff 4650.00;GALEX fuv mag > 21.56;Rossby number unknown due to no cataloged rotation period;cataloged age of 0.5 Gyr
K2-72,334.62189522828004,2.5000001187436283e-05,-9.612328080009998,2.5000001187436283e-05,ICRS,2000.0,195.834,MAS/YR,74.259,MAS/YR,0.015034599999999999,15.039999961853027,0.126,"G=14.26, FUV=24.37",STAR,"[M V-IV, Extra-solar Planetary System]",-39.6143,Predicted Lya flux before ISM absorption 2.5e-14;FUV used for buffer time estimate 24.37;deemed ACTIVE on the basis of fuv more than 3x brighter than median for field stars of similar Teff < 5500;stellar mass 0.27;stellar Teff 3360.47;GALEX fuv mag = 24.37;Rossby number unknown due to no cataloged rotation period;no cataloged age
TOI-5554,104.74400295461001,1.2799999240087345e-05,28.716266010289992,1.2799999240087345e-05,ICRS,2000.0,-27.132,MAS/YR,-115.65,MAS/YR,0.0253021,11.32699966430664,,"G=10.73, NUV=19.64",STAR,"[K V-IV, Extra-solar Planetary System]",16.52,Predicted Lya flux before ISM absorption 1.6e-13;FUV used for buffer time estimate 21.42;deemed ACTIVE due to the absence of information indicating otherwise;stellar mass 0.62;stellar Teff 3997.00;GALEX fuv mag > 21.42;Rossby number unknown due to no cataloged rotation period;no cataloged age
TOI-1467,19.11392945306,1.52000002344721e-05,49.2337803305,1.52000002344721e-05,ICRS,2000.0,108.377,MAS/YR,-149.145,MAS/YR,0.0266547,12.293,0.017,"G=11.56, NUV=21.46",STAR,"[M V-IV, Extra-solar Planetary System]",-25.42,Predicted Lya flux before ISM absorption 5.2e-14;FUV used for buffer time estimate 24.60;deemed INACTIVE on the basis of age > 1;stellar mass 0.49;stellar Teff 3834.00;GALEX fuv mag > 20.71;Rossby number unknown due to no cataloged rotation period;cataloged age of 7 Gyr
TOI-2285,332.56308835129835,1.3500000022759195e-05,58.70618335752334,1.3500000022759195e-05,ICRS,2000.0,21.234,MAS/YR,-20.905,MAS/YR,0.0235387,13.392999649047852,,"G=12.42, NUV=22.76",STAR,"[M V-IV, Extra-solar Planetary System]",-24.7,Predicted Lya flux before ISM absorption 2.1e-14;FUV used for buffer time estimate 21.73;deemed ACTIVE due to the absence of information indicating otherwise;stellar mass 0.43;stellar Teff 3546.00;no GALEX fuv observation;Rossby number unknown due to no cataloged rotation period;no cataloged age
TOI-4576,275.22684314486,1.049999991664663e-05,16.4526843093,1.049999991664663e-05,ICRS,2000.0,-0.571,MAS/YR,4.307,MAS/YR,0.0181784,11.510000228881836,,"G=10.91, NUV=17.09, FUV=18.28",STAR,"[K V-IV, Extra-solar Planetary System]",,Predicted Lya flux before ISM absorption 6.9e-13;FUV used for buffer time estimate 18.28;deemed ACTIVE on the basis of fuv more than 3x brighter than median for field stars of similar Teff < 5500;stellar mass 0.68;stellar Teff 4271.00;GALEX fuv mag = 18.28;Rossby number unknown due to no cataloged rotation period;no cataloged age
TOI-4632,276.86221784732993,1.3500000022759195e-05,45.45400818635001,1.3500000022759195e-05,ICRS,2000.0,32.676,MAS/YR,111.649,MAS/YR,0.0152514,11.8100004196167,,"G=11.41, NUV=20.53",STAR,"[K V-IV, Extra-solar Planetary System]",-29.89,Predicted Lya flux before ISM absorption 6.7e-14;FUV used for buffer time estimate 21.39;deemed ACTIVE due to the absence of information indicating otherwise;stellar mass 0.65;stellar Teff 4152.00;GALEX fuv mag > 21.39;Rossby number unknown due to no cataloged rotation period;no cataloged age
WASP-84,131.10709646329,1.2400000741763506e-05,1.8600292985800004,1.2400000741763506e-05,ICRS,2000.0,-23.344,MAS/YR,-31.57,MAS/YR,0.0099636,10.829999923706055,0.011,"G=10.58, NUV=17.33, FUV=23.52",STAR,"[K V-IV, Extra-solar Planetary System]",-11.57814,Predicted Lya flux before ISM absorption 5.1e-14;FUV used for buffer time estimate 23.52;deemed INACTIVE on the basis fuv no more than 3x brighter than median for field stars of similar Teff < 5500;stellar mass 0.85;stellar Teff 5280.00;GALEX fuv mag = 23.52;Rossby number estimate of 1.26 based on measured 14.4 d rotation period;cataloged age of 2 Gyr
TOI-2094,254.1432303583963,1.2200000128359534e-05,70.027316241615,1.2200000128359534e-05,ICRS,2000.0,-55.3,MAS/YR,-0.125,MAS/YR,0.0199111,14.409000396728516,0.05,"G=13.43, NUV=21.43",STAR,"[M V-IV, Extra-solar Planetary System]",-24.98,Predicted Lya flux before ISM absorption 4.4e-14;FUV used for buffer time estimate 22.70;deemed ACTIVE due to the absence of information indicating otherwise;stellar mass 0.42;stellar Teff 3435.00;GALEX fuv mag > 21.52;Rossby number unknown due to no cataloged rotation period;no cataloged age
TOI-2015,232.13292545123628,8.999999408842996e-06,27.36079829142556,8.999999408842996e-06,ICRS,2000.0,-56.244,MAS/YR,63.807,MAS/YR,0.0211308,16.11,0.2,G=14.14,STAR,"[M V-IV, Extra-solar Planetary System]",-32.04,Predicted Lya flux before ISM absorption 1.2e-13;FUV used for buffer time estimate 29.14;deemed INACTIVE on the basis of Rossby number > 0.5;stellar mass 0.30;stellar Teff 3297.00;no GALEX fuv observation;Rossby number estimate of 1.20 based on measured 8.7 d rotation period;cataloged age of 6 Gyr
K2-3,172.33496544884,1.6199999663513154e-05,-1.4548004716300003,1.6199999663513154e-05,ICRS,2000.0,94.116,MAS/YR,-78.003,MAS/YR,0.0227374,12.170000076293945,0.009,"G=11.47, NUV=21.49",STAR,"[M V-IV, Extra-solar Planetary System]",30.48024,Predicted Lya flux before ISM absorption 4.6e-14;FUV used for buffer time estimate 28.27;deemed INACTIVE on the basis of Rossby number > 0.5;stellar mass 0.55;stellar Teff 3844.00;GALEX fuv mag > 21.88;Rossby number estimate of 4.86 based on measured 40.7 d rotation period;cataloged age of 7 Gyr
TOI-1728,120.61062731676002,8.999999408842996e-06,64.79692502814,8.999999408842996e-06,ICRS,2000.0,103.985,MAS/YR,52.999,MAS/YR,0.0164141,12.397000312805176,0.055,"G=11.73, NUV=21.41",STAR,"[M V-IV, Extra-solar Planetary System]",-43.2214,Predicted Lya flux before ISM absorption 4.0e-14;FUV used for buffer time estimate 24.82;deemed INACTIVE on the basis of age > 1;stellar mass 0.65;stellar Teff 3980.00;GALEX fuv mag > 21.66;Rossby number unknown due to no cataloged rotation period;cataloged age of 7 Gyr
TOI-233,343.7100592349062,1.920000067912042e-05,-18.911828195504995,1.920000067912042e-05,ICRS,2000.0,-317.889,MAS/YR,-143.283,MAS/YR,0.0296508,13.354000091552734,,"G=12.40, NUV=22.61",STAR,"[M V-IV, Extra-solar Planetary System]",35.82,Predicted Lya flux before ISM absorption 2.6e-14;FUV used for buffer time estimate 21.92;deemed ACTIVE due to the absence of information indicating otherwise;stellar mass 0.49;stellar Teff 3644.00;GALEX fuv mag > 21.92;Rossby number unknown due to no cataloged rotation period;no cataloged age
TOI-6078,243.21596686721003,1.1199999789823778e-05,16.30606715107,1.1199999789823778e-05,ICRS,2000.0,18.714,MAS/YR,-42.9,MAS/YR,0.014571500000000001,9.930000305175781,,G=9.70,STAR,"[K V-IV, Extra-solar Planetary System]",-45.69,Predicted Lya flux before ISM absorption 3.8e-14;FUV used for buffer time estimate 19.66;deemed ACTIVE due to the absence of information indicating otherwise;stellar mass 0.87;stellar Teff 5212.00;no GALEX fuv observation;Rossby number unknown due to no cataloged rotation period;no cataloged age
TOI-4438,270.31708428625325,1.2500000593718141e-05,35.59735982410639,1.2500000593718141e-05,ICRS,2000.0,29.212,MAS/YR,-571.512,MAS/YR,0.0332642,13.69,0.045,G=12.50,STAR,"[M V-IV, Extra-solar Planetary System]",-35.81,Predicted Lya flux before ISM absorption 2.7e-14;FUV used for buffer time estimate 30.79;deemed INACTIVE on the basis of Rossby number > 0.5;stellar mass 0.37;stellar Teff 3422.00;GALEX fuv mag > 21.28;Rossby number estimate of 9.13 based on measured 68.0 d rotation period;cataloged age of 5 Gyr
TOI-1452,290.17385790455,1.4399999599845614e-05,73.19542714291,1.4399999599845614e-05,ICRS,2000.0,7.8,MAS/YR,-74.076,MAS/YR,0.0327823,14.354,0.121,G=13.60,STAR,"[M V-IV, Extra-solar Planetary System]",-34.3406,Predicted Lya flux before ISM absorption 8.2e-15;FUV used for buffer time estimate 22.37;deemed ACTIVE due to the absence of information indicating otherwise;stellar mass 0.25;stellar Teff 3185.00;GALEX fuv mag > 21.34;Rossby number unknown due to no cataloged rotation period;no cataloged age
TOI-687,137.67134338611913,8.199999683711212e-06,-45.097516294338895,8.199999683711212e-06,ICRS,2000.0,241.237,MAS/YR,-308.528,MAS/YR,0.023569299999999998,11.109999656677246,,G=10.60,STAR,"[K V-IV, Extra-solar Planetary System]",-2.94,Predicted Lya flux before ISM absorption 2.2e-14;FUV used for buffer time estimate 19.95;deemed ACTIVE due to the absence of information indicating otherwise;stellar mass 0.68;stellar Teff 4253.90;no GALEX fuv observation;Rossby number unknown due to no cataloged rotation period;no cataloged age
TOI-1751,243.48877044205,9.499999578110874e-06,63.53427381238999,9.499999578110874e-06,ICRS,2000.0,8.602,MAS/YR,-172.839,MAS/YR,0.0088091,9.327,0.003,"G=9.20, NUV=13.67, FUV=20.40",STAR,"[F3-F9, Extra-solar Planetary System]",-46.02,Predicted Lya flux before ISM absorption 4.5e-14;FUV used for buffer time estimate 20.40;deemed INACTIVE on the basis of age > 1;stellar mass 0.94;stellar Teff 5970.00;GALEX fuv mag = 20.40;Rossby number unknown due to no cataloged rotation period;cataloged age of 9 Gyr
TOI-1696,65.2805638692375,2.6699999580159783e-05,48.81991316806139,2.6699999580159783e-05,ICRS,2000.0,12.873,MAS/YR,-19.046,MAS/YR,0.0154752,16.82,1.133,"G=15.31, NUV=21.43",STAR,"[M V-IV, Extra-solar Planetary System]",-4.1,Predicted Lya flux before ISM absorption 3.8e-14;FUV used for buffer time estimate 28.64;deemed INACTIVE on the basis of age > 1;stellar mass 0.26;stellar Teff 3185.00;GALEX fuv mag > 20.99;Rossby number unknown due to no cataloged rotation period;cataloged age of 7 Gyr
TOI-2276,261.83703819900006,1.0700000530050602e-05,58.2140367926,1.0700000530050602e-05,ICRS,2000.0,-33.604,MAS/YR,73.211,MAS/YR,0.014672900000000001,9.5600004196167,,"G=9.39, NUV=15.46",STAR,"[G V-IV, Extra-solar Planetary System]",-20.930201,Predicted Lya flux before ISM absorption 5.9e-14;FUV used for buffer time estimate 21.48;deemed INACTIVE on the basis fuv no more than 3x brighter than median for field stars of similar Teff < 5500;stellar mass 0.94;stellar Teff 5482.02;GALEX fuv mag > 21.48;Rossby number unknown due to no cataloged rotation period;no cataloged age
TOI-1268,198.389203528,1.049999991664663e-05,62.30544600908,1.049999991664663e-05,ICRS,2000.0,-66.97,MAS/YR,-15.352,MAS/YR,0.0090854,10.920000076293945,0.008,"G=10.69, NUV=17.70",STAR,"[K V-IV, Extra-solar Planetary System]",-47.224,Predicted Lya flux before ISM absorption 4.4e-14;FUV used for buffer time estimate 24.87;deemed INACTIVE on the basis of Rossby number > 0.5;stellar mass 0.96;stellar Teff 5300.00;GALEX fuv mag > 21.80;Rossby number estimate of 0.84 based on measured 10.9 d rotation period;cataloged age of 0.2 Gyr
TOI-1235,152.21586245248002,8.69999985297909e-06,69.27654453264,8.69999985297909e-06,ICRS,2000.0,196.633,MAS/YR,17.627,MAS/YR,0.025242999999999998,11.495,0.056,"G=10.85, NUV=20.56",STAR,"[M V-IV, Extra-solar Planetary System]",-27.74811,Predicted Lya flux before ISM absorption 9.0e-14;FUV used for buffer time estimate 27.77;deemed INACTIVE on the basis fuv no more than 3x brighter than median for field stars of similar Teff < 5500;stellar mass 0.63;stellar Teff 3997.00;GALEX fuv mag > 23.26;Rossby number estimate of 4.98 based on measured 44.7 d rotation period;cataloged age of 5 Gyr
TOI-1691,272.40611262718,1.1500000255182385e-05,86.85964629897,1.1500000255182385e-05,ICRS,2000.0,-25.372,MAS/YR,161.794,MAS/YR,0.0088871,10.134,0.004,G=9.98,STAR,"[G V-IV, Extra-solar Planetary System]",-56.97,Predicted Lya flux before ISM absorption 3.4e-14;FUV used for buffer time estimate 22.68;deemed INACTIVE on the basis of age > 1;stellar mass 1.03;stellar Teff 5759.00;no GALEX fuv observation;Rossby number unknown due to no cataloged rotation period;cataloged age of 7 Gyr
TOI-6850,352.1561622121201,1.5699999494245276e-05,-23.27015153635,1.5699999494245276e-05,ICRS,2000.0,214.356,MAS/YR,-79.464,MAS/YR,0.0123685,11.079999923706055,,"G=11.16, NUV=19.72",STAR,"[K V-IV, Extra-solar Planetary System]",-31.15,Predicted Lya flux before ISM absorption 1.0e-13;FUV used for buffer time estimate 23.47;deemed INACTIVE on the basis fuv no more than 3x brighter than median for field stars of similar Teff < 5500;stellar mass 0.68;stellar Teff 4275.70;GALEX fuv mag > 23.47;Rossby number unknown due to no cataloged rotation period;no cataloged age
TOI-122,332.94708067809,1.1900000572495628e-05,-58.94506988709,1.1900000572495628e-05,ICRS,2000.0,138.365,MAS/YR,-235.771,MAS/YR,0.0160671,15.526,0.026,G=14.31,STAR,"[M V-IV, Extra-solar Planetary System]",-72.4,Predicted Lya flux before ISM absorption 6.3e-15;FUV used for buffer time estimate 32.78;deemed INACTIVE on the basis of Rossby number > 0.5;stellar mass 0.31;stellar Teff 3403.00;GALEX fuv mag > 21.83;Rossby number estimate of 9.93 based on measured 72.0 d rotation period;cataloged age of 2 Gyr
K2-9,176.26445900183003,2.5200000891345553e-05,0.00529399802,2.5200000891345553e-05,ICRS,2000.0,-170.726,MAS/YR,26.593,MAS/YR,0.012054,15.86,0.195,"G=14.85, NUV=22.70, FUV=22.95",STAR,"[M V-IV, Extra-solar Planetary System]",-31.02,Predicted Lya flux before ISM absorption 1.4e-14;FUV used for buffer time estimate 22.95;deemed ACTIVE on the basis of fuv more than 3x brighter than median for field stars of similar Teff < 5500;stellar mass 0.30;stellar Teff 3390.00;GALEX fuv mag = 22.95;Rossby number unknown due to no cataloged rotation period;cataloged age of 1 Gyr
TOI-6992,70.71498356751168,1.559999873279594e-05,51.52748783915667,1.559999873279594e-05,ICRS,2000.0,49.73,MAS/YR,-72.302,MAS/YR,0.011986100000000001,11.843000411987305,,"G=11.48, NUV=19.98",STAR,"[K V-IV, Extra-solar Planetary System]",2.75,Predicted Lya flux before ISM absorption 8.3e-14;FUV used for buffer time estimate 20.93;deemed ACTIVE due to the absence of information indicating otherwise;stellar mass 0.70;stellar Teff 4448.20;no GALEX fuv observation;Rossby number unknown due to no cataloged rotation period;no cataloged age
TOI-870,63.31857206127001,1.1800000720540993e-05,-50.94447787187999,1.1800000720540993e-05,ICRS,2000.0,105.1,MAS/YR,50.312,MAS/YR,0.0185825,12.539999961853027,,"G=11.77, NUV=21.48",STAR,"[K V-IV, Extra-solar Planetary System]",50.77,Predicted Lya flux before ISM absorption 4.1e-14;FUV used for buffer time estimate 21.10;deemed ACTIVE due to the absence of information indicating otherwise;stellar mass 0.59;stellar Teff 3927.00;no GALEX fuv observation;Rossby number unknown due to no cataloged rotation period;no cataloged age
TOI-133,354.39573245999,8.600000001024455e-06,-58.95463620293,8.600000001024455e-06,ICRS,2000.0,196.655,MAS/YR,-102.693,MAS/YR,0.0206271,11.550000190734863,,"G=10.72, NUV=19.96",STAR,"[K V-IV, Extra-solar Planetary System]",38.03,Predicted Lya flux before ISM absorption 1.2e-13;FUV used for buffer time estimate 22.15;deemed ACTIVE due to the absence of information indicating otherwise;stellar mass 0.63;stellar Teff 4028.00;GALEX fuv mag > 22.15;Rossby number unknown due to no cataloged rotation period;no cataloged age
TOI-2079,185.33939802561,1.3299999409355223e-05,57.7524667945,1.3299999409355223e-05,ICRS,2000.0,-149.278,MAS/YR,-23.939,MAS/YR,0.0270427,12.815999984741211,,"G=11.95, NUV=20.76, FUV=22.46",STAR,"[M V-IV, Extra-solar Planetary System]",2.48355,Predicted Lya flux before ISM absorption 1.2e-13;FUV used for buffer time estimate 22.46;deemed ACTIVE on the basis of fuv more than 3x brighter than median for field stars of similar Teff < 5500;stellar mass 0.45;stellar Teff 3577.00;GALEX fuv mag = 22.46;Rossby number unknown due to no cataloged rotation period;no cataloged age
K2-174,60.79283042168001,1.52000002344721e-05,16.34743384749,1.52000002344721e-05,ICRS,2000.0,31.745,MAS/YR,-62.216,MAS/YR,0.0099777,12.456,0.069,"G=12.00, NUV=20.90",STAR,"[K V-IV, Extra-solar Planetary System]",-0.67004,Predicted Lya flux before ISM absorption 4.1e-14;FUV used for buffer time estimate 21.55;deemed ACTIVE due to the absence of information indicating otherwise;stellar mass 0.70;stellar Teff 4455.00;GALEX fuv mag > 21.06;Rossby number unknown due to no cataloged rotation period;no cataloged age
TOI-5788,287.42481382893,8.89999955688836e-06,31.76101358714,8.89999955688836e-06,ICRS,2000.0,17.353,MAS/YR,119.563,MAS/YR,0.0102688,10.149999618530273,0.005,"G=10.06, NUV=15.54",STAR,"[G V-IV, Extra-solar Planetary System]",-59.36,Predicted Lya flux before ISM absorption 3.5e-14;FUV used for buffer time estimate 23.16;deemed INACTIVE on the basis of age > 1;stellar mass 0.87;stellar Teff 5615.00;GALEX fuv mag > 20.82;Rossby number unknown due to no cataloged rotation period;cataloged age of 6 Gyr
TOI-727,130.73683370364003,1.4799999917158857e-05,-2.4980684257699997,1.4799999917158857e-05,ICRS,2000.0,22.506,MAS/YR,-119.969,MAS/YR,0.0234182,12.883558616638183,,"G=12.05, NUV=17.97",STAR,"[M V-IV, Extra-solar Planetary System]",24.28,Predicted Lya flux before ISM absorption 4.5e-13;FUV used for buffer time estimate 21.93;deemed ACTIVE due to the absence of information indicating otherwise;stellar mass 0.49;stellar Teff 3653.00;GALEX fuv mag > 21.93;Rossby number unknown due to no cataloged rotation period;no cataloged age
TOI-6871,48.93682943879001,1.3799999578623101e-05,18.484698162809998,1.3799999578623101e-05,ICRS,2000.0,1.501,MAS/YR,-37.574,MAS/YR,0.013492,9.59000015258789,,"G=9.42, NUV=15.42",STAR,"[G V-IV, Extra-solar Planetary System]",1.35,Predicted Lya flux before ISM absorption 6.4e-14;FUV used for buffer time estimate 21.33;deemed ACTIVE due to the absence of information indicating otherwise;stellar mass 0.98;stellar Teff 5647.10;GALEX fuv mag > 21.33;Rossby number unknown due to no cataloged rotation period;no cataloged age
TOI-2287,222.75648924485003,1.1199999789823778e-05,85.89555301474,1.1199999789823778e-05,ICRS,2000.0,-94.727,MAS/YR,-37.652,MAS/YR,0.0104947,9.100000381469727,,"G=8.97, NUV=14.61",STAR,"[F3-F9, Extra-solar Planetary System]",-50.04,Predicted Lya flux before ISM absorption 7.2e-14;FUV used for buffer time estimate 21.60;deemed ACTIVE due to the absence of information indicating otherwise;stellar mass 1.12;stellar Teff 6037.00;GALEX fuv mag > 21.60;Rossby number unknown due to no cataloged rotation period;no cataloged age
TOI-4185,172.22835975979,1.2799999240087345e-05,-38.10727864708,1.2799999240087345e-05,ICRS,2000.0,-86.607,MAS/YR,70.026,MAS/YR,0.010026400000000001,11.59000015258789,,"G=11.31, NUV=18.83",STAR,"[K V-IV, Extra-solar Planetary System]",-14.49,Predicted Lya flux before ISM absorption 1.6e-13;FUV used for buffer time estimate 21.18;deemed ACTIVE due to the absence of information indicating otherwise;stellar mass 0.70;stellar Teff 4395.60;GALEX fuv mag > 21.18;Rossby number unknown due to no cataloged rotation period;no cataloged age
TOI-270,68.41550005322001,1.4000000192027073e-05,-51.9562320481,1.4000000192027073e-05,ICRS,2000.0,83.082,MAS/YR,-269.803,MAS/YR,0.0444899,12.616999626159668,0.039,"G=11.62, NUV=21.46",STAR,"[M V-IV, Extra-solar Planetary System]",26.45,Predicted Lya flux before ISM absorption 7.0e-14;FUV used for buffer time estimate 21.85;deemed ACTIVE due to the absence of information indicating otherwise;stellar mass 0.39;stellar Teff 3506.00;GALEX fuv mag > 21.85;Rossby number unknown due to no cataloged rotation period;no cataloged age
TOI-771,164.11331200372834,1.3899999430577736e-05,-72.98484460313111,1.3899999430577736e-05,ICRS,2000.0,39.3,MAS/YR,-76.417,MAS/YR,0.0394467,14.888,0.08,G=13.34,STAR,"[M V-IV, Extra-solar Planetary System]",-5.9,Predicted Lya flux before ISM absorption 3.7e-14;FUV used for buffer time estimate 32.78;deemed INACTIVE on the basis of Rossby number > 0.5;stellar mass 0.22;stellar Teff 3370.00;GALEX fuv mag > 20.52;Rossby number estimate of 14.00 based on measured 98.0 d rotation period;cataloged age of 7 Gyr
TOI-1752,253.46299293535006,1.1900000572495628e-05,60.70908111437999,1.1900000572495628e-05,ICRS,2000.0,-171.226,MAS/YR,125.089,MAS/YR,0.009686400000000001,14.629103736877441,,"G=13.80, NUV=24.48",STAR,"[M V-IV, Extra-solar Planetary System]",-72.643,Predicted Lya flux before ISM absorption 4.0e-15;FUV used for buffer time estimate 23.01;deemed ACTIVE due to the absence of information indicating otherwise;stellar mass 0.49;stellar Teff 3652.00;GALEX fuv mag > 21.69;Rossby number unknown due to no cataloged rotation period;no cataloged age
TOI-4643,32.21805046926,1.8799999452312477e-05,4.30641472677,1.8799999452312477e-05,ICRS,2000.0,-19.486,MAS/YR,119.115,MAS/YR,0.0250619,12.329999923706055,,"G=11.60, NUV=21.87",STAR,"[M V-IV, Extra-solar Planetary System]",9.44,Predicted Lya flux before ISM absorption 3.8e-14;FUV used for buffer time estimate 21.79;deemed ACTIVE due to the absence of information indicating otherwise;stellar mass 0.54;stellar Teff 3782.00;GALEX fuv mag > 21.79;Rossby number unknown due to no cataloged rotation period;no cataloged age
K2-25,63.273388072530004,2.8899999961140566e-05,15.247782800160001,2.8899999961140566e-05,ICRS,2000.0,122.45,MAS/YR,-18.603,MAS/YR,0.022357199999999997,15.5600004196167,0.2,"G=14.36, NUV=23.34",STAR,"[M V-IV, Extra-solar Planetary System]",38.64,Predicted Lya flux before ISM absorption 1.4e-14;FUV used for buffer time estimate 25.49;deemed ACTIVE on the basis of Rossby number <= 0.5;stellar mass 0.26;stellar Teff 3207.00;GALEX fuv mag > 21.35;Rossby number estimate of 0.26 based on measured 1.9 d rotation period;cataloged age of 0.7 Gyr
TOI-2158,276.81025474769,6.399999620043673e-06,20.526853001419997,6.399999620043673e-06,ICRS,2000.0,-43.94,MAS/YR,7.844,MAS/YR,0.0050916,10.890000343322754,0.006,"G=10.67, NUV=17.37",STAR,"[G V-IV, Extra-solar Planetary System]",-108.14,Predicted Lya flux before ISM absorption 1.5e-14;FUV used for buffer time estimate 24.64;deemed INACTIVE on the basis of Rossby number > 0.5;stellar mass 1.12;stellar Teff 5673.00;GALEX fuv mag > 21.41;Rossby number estimate of 1.15 based on measured 19.0 d rotation period;cataloged age of 8 Gyr
TOI-4556,182.92642632403835,2.0300001779105514e-05,-32.531363248246386,2.0300001779105514e-05,ICRS,2000.0,-266.319,MAS/YR,-282.689,MAS/YR,0.0272463,15.52197315979004,,"G=14.30, NUV=21.82",STAR,"[M V-IV, Extra-solar Planetary System]",,Predicted Lya flux before ISM absorption 4.2e-14;FUV used for buffer time estimate 23.71;deemed ACTIVE due to the absence of information indicating otherwise;stellar mass 0.30;stellar Teff 3319.00;GALEX fuv mag > 21.33;Rossby number unknown due to no cataloged rotation period;no cataloged age
TOI-6054,56.33748594781001,1.3899999430577736e-05,60.35093784538,1.3899999430577736e-05,ICRS,2000.0,-55.038,MAS/YR,-4.837,MAS/YR,0.0127014,8.010000228881836,0.03,G=7.89,STAR,"[F3-F9, Extra-solar Planetary System]",-14.739,Predicted Lya flux before ISM absorption 1.0e-13;FUV used for buffer time estimate 19.45;deemed INACTIVE on the basis of age > 1;stellar mass 1.11;stellar Teff 6047.00;no GALEX fuv observation;Rossby number unknown due to no cataloged rotation period;cataloged age of 6 Gyr
TOI-4529,16.96762774756,2.4900000425986946e-05,12.881053768169998,2.4900000425986946e-05,ICRS,2000.0,275.861,MAS/YR,-22.973,MAS/YR,0.0352305,12.214,0.146,"G=11.22, NUV=21.41",STAR,"[M V-IV, Extra-solar Planetary System]",,Predicted Lya flux before ISM absorption 6.3e-14;FUV used for buffer time estimate 26.99;deemed INACTIVE on the basis of Rossby number > 0.5;stellar mass 0.48;stellar Teff 3697.00;GALEX fuv mag > 21.85;Rossby number estimate of 2.59 based on measured 20.7 d rotation period;no cataloged age
WASP-8,359.90029661347006,1.2200000128359534e-05,-35.03136767178,1.2200000128359534e-05,ICRS,2000.0,109.752,MAS/YR,7.615,MAS/YR,0.011105199999999999,9.869999885559082,0.003,"G=9.62, NUV=16.36, FUV=22.31",STAR,"[G V-IV, Extra-solar Planetary System]",-1.5,Predicted Lya flux before ISM absorption 4.0e-14;FUV used for buffer time estimate 22.31;deemed INACTIVE on the basis of age > 1;stellar mass 1.34;stellar Teff 5600.00;GALEX fuv mag = 22.31;Rossby number unknown due to no cataloged rotation period;cataloged age of 3 Gyr
