Target Name,Other Fluxes,Comments
GJ143,"G=7.69, NUV=16.38",Predicted Lya flux before ISM absorption 2.8e-13;FUV used for buffer time estimate 21.19;deemed INACTIVE on the basis fuv no more than 3x brighter than median for field stars of similar Teff < 5500;stellar mass 0.73;stellar Teff 4640.00;GALEX fuv mag > 20.87;Rossby number unknown due to no cataloged rotation period;cataloged age of 4 Gyr
HD110067,"G=8.18, NUV=14.72, FUV=21.20",Predicted Lya flux before ISM absorption 2.0e-13;FUV used for buffer time estimate 21.20;deemed INACTIVE on the basis fuv no more than 3x brighter than median for field stars of similar Teff < 5500;stellar mass 0.88;stellar Teff 5297.00;GALEX fuv mag = 21.20;Rossby number unknown due to no cataloged rotation period;no cataloged age
HD15906,"G=9.48, NUV=17.35",Predicted Lya flux before ISM absorption 4.2e-14;FUV used for buffer time estimate 21.98;deemed INACTIVE on the basis fuv no more than 3x brighter than median for field stars of similar Teff < 5500;stellar mass 0.79;stellar Teff 4757.00;GALEX fuv mag > 21.98;Rossby number unknown due to no cataloged rotation period;no cataloged age
HD183579,"G=8.53, NUV=14.06, FUV=21.28",Predicted Lya flux before ISM absorption 1.9e-13;FUV used for buffer time estimate 21.28;deemed INACTIVE on the basis of Rossby number > 0.5;stellar mass 1.00;stellar Teff 5784.00;GALEX fuv mag = 21.28;Rossby number estimate of 1.81 based on measured 24.8 d rotation period;cataloged age of 3 Gyr
HD207496,"G=7.98, NUV=15.82, FUV=20.52",Predicted Lya flux before ISM absorption 7.8e-13;FUV used for buffer time estimate 20.52;deemed INACTIVE on the basis fuv no more than 3x brighter than median for field stars of similar Teff < 5500;stellar mass 0.80;stellar Teff 4819.00;GALEX fuv mag = 20.52;Rossby number estimate of 1.16 based on measured 12.4 d rotation period;cataloged age of 0.5 Gyr
HD207897,"G=8.14, NUV=15.34",Predicted Lya flux before ISM absorption 1.9e-13;FUV used for buffer time estimate 24.89;deemed INACTIVE on the basis fuv no more than 3x brighter than median for field stars of similar Teff < 5500;stellar mass 0.82;stellar Teff 5106.00;GALEX fuv mag > 21.52;Rossby number estimate of 3.38 based on measured 37.0 d rotation period;cataloged age of 5 Gyr
HD235088,"G=8.95, NUV=16.11",Predicted Lya flux before ISM absorption 2.8e-13;FUV used for buffer time estimate 23.45;deemed INACTIVE on the basis of Rossby number > 0.5;stellar mass 0.85;stellar Teff 5075.00;no GALEX fuv observation;Rossby number estimate of 1.08 based on measured 12.2 d rotation period;cataloged age of 0.7 Gyr
HD332231,G=8.43,Predicted Lya flux before ISM absorption 1.1e-13;FUV used for buffer time estimate 19.75;deemed INACTIVE on the basis of age > 1;stellar mass 1.16;stellar Teff 6128.00;no GALEX fuv observation;Rossby number unknown due to no cataloged rotation period;cataloged age of 3 Gyr
HIP113103,"G=9.62, NUV=17.40, FUV=21.43",Predicted Lya flux before ISM absorption 2.7e-13;FUV used for buffer time estimate 21.43;deemed INACTIVE on the basis fuv no more than 3x brighter than median for field stars of similar Teff < 5500;stellar mass 0.76;stellar Teff 4930.00;GALEX fuv mag = 21.43;Rossby number estimate of 0.97 based on measured 9.9 d rotation period;cataloged age of 0.5 Gyr
HIP9618,"G=9.03, NUV=14.86, FUV=22.16",Predicted Lya flux before ISM absorption 7.7e-14;FUV used for buffer time estimate 22.16;deemed INACTIVE on the basis of age > 1;stellar mass 0.94;stellar Teff 5649.00;GALEX fuv mag = 22.16;Rossby number unknown due to no cataloged rotation period;cataloged age of 6 Gyr
HR858,"G=6.26, NUV=13.83, FUV=17.47",Predicted Lya flux before ISM absorption 1.1e-12;FUV used for buffer time estimate 17.47;deemed ACTIVE on the basis of Rossby number <= 0.5;stellar mass 1.20;stellar Teff 6354.00;GALEX fuv mag = 17.47;Rossby number estimate of 0.35 based on measured 6.7 d rotation period;cataloged age of 2 Gyr
KELT-24,"G=8.25, NUV=12.97, FUV=18.23",Predicted Lya flux before ISM absorption 1.3e-13;FUV used for buffer time estimate 18.23;deemed INACTIVE on the basis of age > 1;stellar mass 1.27;stellar Teff 6426.00;GALEX fuv mag = 18.23;Rossby number unknown due to no cataloged rotation period;cataloged age of 2 Gyr
KEPLER-37,"G=9.56, NUV=15.62",Predicted Lya flux before ISM absorption 5.5e-14;FUV used for buffer time estimate 23.63;deemed INACTIVE on the basis of age > 1;stellar mass 0.79;stellar Teff 5357.00;GALEX fuv mag > 21.39;Rossby number unknown due to no cataloged rotation period;cataloged age of 8 Gyr
LTT3780,G=11.84,Predicted Lya flux before ISM absorption 4.8e-14;FUV used for buffer time estimate 31.00;deemed INACTIVE on the basis of Rossby number > 0.5;stellar mass 0.38;stellar Teff 3358.00;GALEX fuv mag > 21.64;Rossby number estimate of 13.87 based on measured 104.0 d rotation period;cataloged age of 3 Gyr
TOI-1266,"G=12.11, NUV=22.86",Predicted Lya flux before ISM absorption 2.2e-14;FUV used for buffer time estimate 29.21;deemed INACTIVE on the basis of Rossby number > 0.5;stellar mass 0.44;stellar Teff 3563.00;no GALEX fuv observation;Rossby number estimate of 5.76 based on measured 44.6 d rotation period;cataloged age of 5 Gyr
TOI-1468,"G=12.10, NUV=18.65",Predicted Lya flux before ISM absorption 4.1e-13;FUV used for buffer time estimate 28.66;deemed INACTIVE on the basis of Rossby number > 0.5;stellar mass 0.35;stellar Teff 3376.00;GALEX fuv mag > 21.68;Rossby number estimate of 5.75 based on measured 42.5 d rotation period;no cataloged age
TOI-1695,G=12.13,Predicted Lya flux before ISM absorption 1.6e-14;FUV used for buffer time estimate 29.34;deemed INACTIVE on the basis of Rossby number > 0.5;stellar mass 0.51;stellar Teff 3690.00;GALEX fuv mag > 21.02;Rossby number estimate of 5.85 based on measured 47.7 d rotation period;no cataloged age
TOI-1710,"G=9.37, NUV=15.33, FUV=20.61",Predicted Lya flux before ISM absorption 9.2e-14;FUV used for buffer time estimate 20.61;deemed INACTIVE on the basis of Rossby number > 0.5;stellar mass 1.03;stellar Teff 5684.00;GALEX fuv mag = 20.61;Rossby number estimate of 1.57 based on measured 22.5 d rotation period;cataloged age of 2 Gyr
TOI-1801,"G=10.83, NUV=20.61",Predicted Lya flux before ISM absorption 1.0e-13;FUV used for buffer time estimate 25.68;deemed INACTIVE on the basis of Rossby number > 0.5;stellar mass 0.56;stellar Teff 3863.00;GALEX fuv mag > 21.95;Rossby number estimate of 1.90 based on measured 16.0 d rotation period;cataloged age of 0.7 Gyr
TOI-2018,"G=9.72, NUV=18.72, FUV=22.89",Predicted Lya flux before ISM absorption 1.1e-13;FUV used for buffer time estimate 22.89;deemed INACTIVE on the basis fuv no more than 3x brighter than median for field stars of similar Teff < 5500;stellar mass 0.57;stellar Teff 4174.00;GALEX fuv mag = 22.89;Rossby number estimate of 2.76 based on measured 23.5 d rotation period;no cataloged age
TOI-2095,G=12.09,Predicted Lya flux before ISM absorption 2.0e-14;FUV used for buffer time estimate 29.35;deemed INACTIVE on the basis of Rossby number > 0.5;stellar mass 0.44;stellar Teff 3759.00;no GALEX fuv observation;Rossby number estimate of 5.15 based on measured 40.0 d rotation period;cataloged age of 1 Gyr
TOI-2134,"G=8.51, NUV=17.79",Predicted Lya flux before ISM absorption 1.7e-13;FUV used for buffer time estimate 25.59;deemed INACTIVE on the basis fuv no more than 3x brighter than median for field stars of similar Teff < 5500;stellar mass 0.74;stellar Teff 4580.00;GALEX fuv mag > 21.26;Rossby number estimate of 4.56 based on measured 45.8 d rotation period;cataloged age of 4 Gyr
TOI-2136,G=12.95,Predicted Lya flux before ISM absorption 2.0e-14;FUV used for buffer time estimate 31.57;deemed INACTIVE on the basis of Rossby number > 0.5;stellar mass 0.34;stellar Teff 3342.00;no GALEX fuv observation;Rossby number estimate of 10.21 based on measured 75.0 d rotation period;cataloged age of 5 Gyr
TOI-244,"G=11.55, NUV=22.58",Predicted Lya flux before ISM absorption 3.4e-14;FUV used for buffer time estimate 29.26;deemed INACTIVE on the basis of Rossby number > 0.5;stellar mass 0.43;stellar Teff 3433.00;GALEX fuv mag > 22.00;Rossby number estimate of 6.92 based on measured 53.3 d rotation period;cataloged age of 7 Gyr
TOI-2443,"G=9.04, NUV=18.44",Predicted Lya flux before ISM absorption 4.7e-13;FUV used for buffer time estimate 22.49;deemed INACTIVE on the basis of age > 1;stellar mass 0.64;stellar Teff 4375.00;no GALEX fuv observation;Rossby number unknown due to no cataloged rotation period;cataloged age of 4 Gyr
TOI-2459,"G=10.17, NUV=19.00, FUV=22.53",Predicted Lya flux before ISM absorption 1.2e-13;FUV used for buffer time estimate 22.53;deemed INACTIVE on the basis fuv no more than 3x brighter than median for field stars of similar Teff < 5500;stellar mass 0.66;stellar Teff 4195.00;GALEX fuv mag = 22.53;Rossby number unknown due to no cataloged rotation period;no cataloged age
TOI-257,"G=7.43, NUV=13.58, FUV=19.16",Predicted Lya flux before ISM absorption 1.2e-13;FUV used for buffer time estimate 19.16;deemed ACTIVE due to the absence of information indicating otherwise;stellar mass 1.41;stellar Teff 6095.00;GALEX fuv mag = 19.16;Rossby number unknown due to no cataloged rotation period;no cataloged age
HD22946,"G=8.14, NUV=13.07, FUV=19.42",Predicted Lya flux before ISM absorption 2.0e-13;FUV used for buffer time estimate 19.42;deemed INACTIVE on the basis of age > 1;stellar mass 1.10;stellar Teff 6169.00;GALEX fuv mag = 19.42;Rossby number unknown due to no cataloged rotation period;cataloged age of 2 Gyr
TOI-444,"G=9.61, NUV=16.63, FUV=21.03",Predicted Lya flux before ISM absorption 1.5e-13;FUV used for buffer time estimate 21.03;deemed ACTIVE on the basis of fuv more than 3x brighter than median for field stars of similar Teff < 5500;stellar mass 0.96;stellar Teff 5225.00;GALEX fuv mag = 21.03;Rossby number estimate of 1.00 based on measured 13.0 d rotation period;cataloged age of 0.6 Gyr
TOI-620,"G=11.31, NUV=21.02",Predicted Lya flux before ISM absorption 7.4e-14;FUV used for buffer time estimate 25.27;deemed INACTIVE on the basis of Rossby number > 0.5;stellar mass 0.58;stellar Teff 3708.00;GALEX fuv mag > 21.67;Rossby number estimate of 1.05 based on measured 9.0 d rotation period;cataloged age of 7 Gyr
TOI-700,G=12.06,Predicted Lya flux before ISM absorption 2.7e-14;FUV used for buffer time estimate 29.70;deemed INACTIVE on the basis of Rossby number > 0.5;stellar mass 0.41;stellar Teff 3459.00;GALEX fuv mag > 21.20;Rossby number estimate of 7.06 based on measured 54.0 d rotation period;cataloged age of 2 Gyr
TOI-712,"G=10.58, NUV=18.97",Predicted Lya flux before ISM absorption 1.2e-13;FUV used for buffer time estimate 25.01;deemed INACTIVE on the basis of Rossby number > 0.5;stellar mass 0.73;stellar Teff 4622.00;no GALEX fuv observation;Rossby number estimate of 1.26 based on measured 12.5 d rotation period;cataloged age of 0.8 Gyr
WOLF503,"G=9.90, NUV=18.48",Predicted Lya flux before ISM absorption 4.2e-14;FUV used for buffer time estimate 23.39;deemed INACTIVE on the basis fuv no more than 3x brighter than median for field stars of similar Teff < 5500;stellar mass 0.69;stellar Teff 4716.00;GALEX fuv mag > 21.79;Rossby number unknown due to no cataloged rotation period;cataloged age of 1e+01 Gyr
TOI-1203,"G=8.43, NUV=13.87, FUV=20.71",Predicted Lya flux before ISM absorption 9.6e-14;FUV used for buffer time estimate 20.71;deemed INACTIVE on the basis of age > 1;stellar mass 0.89;stellar Teff 5737.00;GALEX fuv mag = 20.71;Rossby number unknown due to no cataloged rotation period;cataloged age of 1e+01 Gyr
HD135694,G=8.92,Predicted Lya flux before ISM absorption 7.1e-14;FUV used for buffer time estimate 21.74;deemed INACTIVE on the basis of age > 1;stellar mass 1.02;stellar Teff 5712.00;no GALEX fuv observation;Rossby number unknown due to no cataloged rotation period;cataloged age of 1e+01 Gyr
TOI-1434,"G=8.57, NUV=14.87, FUV=22.41",Predicted Lya flux before ISM absorption 1.7e-13;FUV used for buffer time estimate 22.41;deemed INACTIVE on the basis fuv no more than 3x brighter than median for field stars of similar Teff < 5500;stellar mass 0.91;stellar Teff 5393.86;GALEX fuv mag = 22.41;Rossby number unknown due to no cataloged rotation period;no cataloged age
TOI-1451,"G=9.43, NUV=14.95",Predicted Lya flux before ISM absorption 5.3e-14;FUV used for buffer time estimate 21.99;deemed INACTIVE on the basis of age > 1;stellar mass 1.00;stellar Teff 5801.00;GALEX fuv mag > 21.88;Rossby number unknown due to no cataloged rotation period;cataloged age of 4 Gyr
TOI-1643,"G=nan, NUV=17.11, FUV=21.45",Predicted Lya flux before ISM absorption 5.4e-14;FUV used for buffer time estimate 21.45;deemed INACTIVE on the basis fuv no more than 3x brighter than median for field stars of similar Teff < 5500;stellar mass 0.77;stellar Teff 4763.00;GALEX fuv mag = 21.45;Rossby number unknown due to no cataloged rotation period;no cataloged age
TOI-1648,"G=10.19, NUV=18.30",Predicted Lya flux before ISM absorption 2.1e-14;FUV used for buffer time estimate 23.66;deemed INACTIVE on the basis of age > 1;stellar mass 0.83;stellar Teff 4850.00;GALEX fuv mag > 21.18;Rossby number unknown due to no cataloged rotation period;cataloged age of 6 Gyr
TOI-1718,G=8.76,Predicted Lya flux before ISM absorption 8.5e-14;FUV used for buffer time estimate 18.96;deemed ACTIVE due to the absence of information indicating otherwise;stellar mass 0.90;stellar Teff 5378.00;no GALEX fuv observation;Rossby number unknown due to no cataloged rotation period;no cataloged age
LHS1903,"G=11.39, NUV=19.86",Predicted Lya flux before ISM absorption 1.5e-13;FUV used for buffer time estimate 28.20;deemed INACTIVE on the basis fuv no more than 3x brighter than median for field stars of similar Teff < 5500;stellar mass 0.54;stellar Teff 3664.00;GALEX fuv mag > 23.02;Rossby number estimate of 4.91 based on measured 40.8 d rotation period;cataloged age of 7 Gyr
TOI-1742,"G=8.74, NUV=14.68, FUV=21.34",Predicted Lya flux before ISM absorption 8.6e-14;FUV used for buffer time estimate 21.34;deemed INACTIVE on the basis of age > 1;stellar mass 1.09;stellar Teff 5815.00;GALEX fuv mag = 21.34;Rossby number unknown due to no cataloged rotation period;cataloged age of 4 Gyr
TOI-1898,"G=7.76, NUV=13.83, FUV=17.96",Predicted Lya flux before ISM absorption 1.4e-13;FUV used for buffer time estimate 17.96;deemed INACTIVE on the basis of age > 1;stellar mass 1.25;stellar Teff 6241.00;GALEX fuv mag = 17.96;Rossby number unknown due to no cataloged rotation period;cataloged age of 3 Gyr
TOI-2128,"G=7.08, NUV=13.77, FUV=18.56",Predicted Lya flux before ISM absorption 4.3e-13;FUV used for buffer time estimate 18.56;deemed INACTIVE on the basis of age > 1;stellar mass 1.03;stellar Teff 5968.00;GALEX fuv mag = 18.56;Rossby number unknown due to no cataloged rotation period;cataloged age of 5 Gyr
TOI-214,"G=8.51, NUV=14.68, FUV=19.32",Predicted Lya flux before ISM absorption 1.5e-13;FUV used for buffer time estimate 19.32;deemed ACTIVE on the basis of fuv more than 3x brighter than median for field stars of similar Teff < 5500;stellar mass 0.89;stellar Teff 5346.20;GALEX fuv mag = 19.32;Rossby number unknown due to no cataloged rotation period;no cataloged age
TOI-286,"G=9.66, NUV=16.76",Predicted Lya flux before ISM absorption 4.7e-14;FUV used for buffer time estimate 26.35;deemed INACTIVE on the basis of Rossby number > 0.5;stellar mass 0.83;stellar Teff 5152.00;GALEX fuv mag > 21.43;Rossby number estimate of 3.25 based on measured 36.0 d rotation period;no cataloged age
HD35843,"G=9.20, NUV=14.60, FUV=20.81",Predicted Lya flux before ISM absorption 5.9e-14;FUV used for buffer time estimate 20.81;deemed INACTIVE on the basis of Rossby number > 0.5;stellar mass 0.94;stellar Teff 5666.00;GALEX fuv mag = 20.81;Rossby number estimate of 2.01 based on measured 25.5 d rotation period;cataloged age of 2 Gyr
TOI-4451,"G=8.96, NUV=14.18, FUV=21.19",Predicted Lya flux before ISM absorption 9.8e-14;FUV used for buffer time estimate 21.19;deemed ACTIVE due to the absence of information indicating otherwise;stellar mass 1.16;stellar Teff 6138.00;GALEX fuv mag = 21.19;Rossby number unknown due to no cataloged rotation period;no cataloged age
TOI-480,"G=7.16, NUV=13.95, FUV=18.52",Predicted Lya flux before ISM absorption 2.7e-13;FUV used for buffer time estimate 18.52;deemed INACTIVE on the basis of age > 1;stellar mass 1.28;stellar Teff 6174.00;GALEX fuv mag = 18.52;Rossby number unknown due to no cataloged rotation period;cataloged age of 3 Gyr
TOI-5169,"G=8.74, NUV=15.95, FUV=21.05",Predicted Lya flux before ISM absorption 9.8e-14;FUV used for buffer time estimate 21.05;deemed INACTIVE on the basis fuv no more than 3x brighter than median for field stars of similar Teff < 5500;stellar mass 0.81;stellar Teff 5002.00;GALEX fuv mag = 21.05;Rossby number unknown due to no cataloged rotation period;no cataloged age
TOI-5388,G=11.72,Predicted Lya flux before ISM absorption 3.3e-14;FUV used for buffer time estimate 21.02;deemed ACTIVE due to the absence of information indicating otherwise;stellar mass 0.29;stellar Teff 3440.00;no GALEX fuv observation;Rossby number unknown due to no cataloged rotation period;no cataloged age
TOI-5734,"G=9.20, NUV=17.28, FUV=20.98",Predicted Lya flux before ISM absorption 4.0e-13;FUV used for buffer time estimate 20.98;deemed INACTIVE on the basis fuv no more than 3x brighter than median for field stars of similar Teff < 5500;stellar mass 0.72;stellar Teff 4750.00;GALEX fuv mag = 20.98;Rossby number estimate of 1.13 based on measured 11.1 d rotation period;cataloged age of 0.5 Gyr
TOI-5789,G=7.11,Predicted Lya flux before ISM absorption 4.1e-13;FUV used for buffer time estimate 20.83;deemed INACTIVE on the basis of age > 1;stellar mass 0.82;stellar Teff 5185.00;no GALEX fuv observation;Rossby number unknown due to no cataloged rotation period;cataloged age of 5 Gyr
TOI-815,"G=9.94, NUV=17.41, FUV=22.25",Predicted Lya flux before ISM absorption 1.2e-13;FUV used for buffer time estimate 22.25;deemed INACTIVE on the basis fuv no more than 3x brighter than median for field stars of similar Teff < 5500;stellar mass 0.78;stellar Teff 4869.00;GALEX fuv mag = 22.25;Rossby number estimate of 1.47 based on measured 15.3 d rotation period;cataloged age of 0.2 Gyr
TOI-904,"G=11.85, NUV=21.76",Predicted Lya flux before ISM absorption 3.8e-14;FUV used for buffer time estimate 26.93;deemed INACTIVE on the basis of Rossby number > 0.5;stellar mass 0.56;stellar Teff 3770.20;GALEX fuv mag > 21.13;Rossby number estimate of 2.03 based on measured 17.1 d rotation period;cataloged age of 2 Gyr
HD60779,G=7.02,Predicted Lya flux before ISM absorption 5.5e-13;FUV used for buffer time estimate 18.51;deemed INACTIVE on the basis of age > 1;stellar mass 1.14;stellar Teff 6081.00;no GALEX fuv observation;Rossby number unknown due to no cataloged rotation period;cataloged age of 8 Gyr
HD219134,G=5.23,Predicted Lya flux before ISM absorption 1.9e-12;FUV used for buffer time estimate 18.67;deemed INACTIVE on the basis of age > 1;stellar mass 0.81;stellar Teff 4699.00;no GALEX fuv observation;Rossby number unknown due to no cataloged rotation period;cataloged age of 1e+01 Gyr
TOI-1774,"G=8.09, NUV=13.89, FUV=20.44",Predicted Lya flux before ISM absorption 1.1e-13;FUV used for buffer time estimate 20.44;deemed INACTIVE on the basis of Rossby number > 0.5;stellar mass 0.99;stellar Teff 5746.00;GALEX fuv mag = 20.44;Rossby number estimate of 1.83 based on measured 25.0 d rotation period;cataloged age of 7 Gyr
HIP94235,"G=8.17, NUV=13.75",Predicted Lya flux before ISM absorption 2.8e-13;FUV used for buffer time estimate 16.86;deemed ACTIVE on the basis of Rossby number <= 0.5;stellar mass 1.09;stellar Teff 5991.00;no GALEX fuv observation;Rossby number estimate of 0.14 based on measured 2.2 d rotation period;cataloged age of 0.1 Gyr
K2-18,G=12.40,Predicted Lya flux before ISM absorption 1.8e-14;FUV used for buffer time estimate 29.58;deemed INACTIVE on the basis of Rossby number > 0.5;stellar mass 0.36;stellar Teff 3457.00;no GALEX fuv observation;Rossby number estimate of 5.35 based on measured 39.6 d rotation period;no cataloged age
TOI-1231,G=11.36,Predicted Lya flux before ISM absorption 1.8e-14;FUV used for buffer time estimate 24.44;deemed INACTIVE on the basis of age > 1;stellar mass 0.48;stellar Teff 3553.00;no GALEX fuv observation;Rossby number unknown due to no cataloged rotation period;cataloged age of 5 Gyr
HD73344,"G=6.76, NUV=13.01, FUV=17.97",Predicted Lya flux before ISM absorption 8.8e-13;FUV used for buffer time estimate 17.97;deemed ACTIVE on the basis of Rossby number <= 0.5;stellar mass 1.20;stellar Teff 6252.60;GALEX fuv mag = 17.97;Rossby number estimate of 0.48 based on measured 9.1 d rotation period;cataloged age of 1 Gyr
TOI-2194,"G=8.07, NUV=16.40",Predicted Lya flux before ISM absorption 2.3e-13;FUV used for buffer time estimate 21.14;deemed INACTIVE on the basis fuv no more than 3x brighter than median for field stars of similar Teff < 5500;stellar mass 0.74;stellar Teff 4756.00;GALEX fuv mag > 21.14;Rossby number unknown due to no cataloged rotation period;no cataloged age
TOI-198,"G=10.92, NUV=21.67",Predicted Lya flux before ISM absorption 5.9e-14;FUV used for buffer time estimate 28.26;deemed INACTIVE on the basis of Rossby number > 0.5;stellar mass 0.42;stellar Teff 3801.00;GALEX fuv mag > 21.90;Rossby number estimate of 6.34 based on measured 48.5 d rotation period;cataloged age of 1 Gyr
HD95338,G=8.39,Predicted Lya flux before ISM absorption 1.1e-13;FUV used for buffer time estimate 22.05;deemed INACTIVE on the basis of age > 1;stellar mass 0.85;stellar Teff 5097.00;no GALEX fuv observation;Rossby number unknown due to no cataloged rotation period;cataloged age of 1e+01 Gyr
HD5278,"G=7.82, NUV=12.84, FUV=18.97",Predicted Lya flux before ISM absorption 2.2e-13;FUV used for buffer time estimate 18.97;deemed INACTIVE on the basis of Rossby number > 0.5;stellar mass 1.13;stellar Teff 6203.00;GALEX fuv mag = 18.97;Rossby number estimate of 1.01 based on measured 16.8 d rotation period;cataloged age of 3 Gyr
HD23472,"G=9.39, FUV=21.54",Predicted Lya flux before ISM absorption 6.4e-14;FUV used for buffer time estimate 21.54;deemed INACTIVE on the basis fuv no more than 3x brighter than median for field stars of similar Teff < 5500;stellar mass 0.67;stellar Teff 4684.00;GALEX fuv mag = 21.54;Rossby number estimate of 4.31 based on measured 40.1 d rotation period;no cataloged age
HD18599,"G=8.74, NUV=15.73, FUV=20.96",Predicted Lya flux before ISM absorption 4.3e-13;FUV used for buffer time estimate 20.96;deemed INACTIVE on the basis fuv no more than 3x brighter than median for field stars of similar Teff < 5500;stellar mass 0.86;stellar Teff 5145.00;GALEX fuv mag = 20.96;Rossby number estimate of 0.76 based on measured 8.7 d rotation period;cataloged age of 0.4 Gyr
HAT-P-20,"G=10.99, NUV=19.87",Predicted Lya flux before ISM absorption 8.0e-14;FUV used for buffer time estimate 25.74;deemed INACTIVE on the basis of Rossby number > 0.5;stellar mass 0.76;stellar Teff 4595.00;GALEX fuv mag > 21.48;Rossby number estimate of 1.42 based on measured 14.5 d rotation period;cataloged age of 7 Gyr
HD17156,G=8.04,Predicted Lya flux before ISM absorption 1.1e-13;FUV used for buffer time estimate 19.25;deemed INACTIVE on the basis of Rossby number > 0.5;stellar mass 1.28;stellar Teff 6046.00;no GALEX fuv observation;Rossby number estimate of 0.58 based on measured 12.8 d rotation period;cataloged age of 3 Gyr
TOI-6965,G=6.72,Predicted Lya flux before ISM absorption 6.3e-13;FUV used for buffer time estimate 14.65;deemed ACTIVE due to the absence of information indicating otherwise;stellar mass 1.09;stellar Teff 6007.00;no GALEX fuv observation;Rossby number unknown due to no cataloged rotation period;no cataloged age
TOI-406,"G=12.54, NUV=21.28, FUV=21.63",Predicted Lya flux before ISM absorption 2.4e-13;FUV used for buffer time estimate 21.63;deemed ACTIVE on the basis of fuv more than 3x brighter than median for field stars of similar Teff < 5500;stellar mass 0.32;stellar Teff 3349.00;GALEX fuv mag = 21.63;Rossby number unknown due to no cataloged rotation period;no cataloged age
TOI-6973,"G=9.22, NUV=15.01",Predicted Lya flux before ISM absorption 5.8e-14;FUV used for buffer time estimate 18.58;deemed ACTIVE due to the absence of information indicating otherwise;stellar mass 0.97;stellar Teff 5626.00;no GALEX fuv observation;Rossby number unknown due to no cataloged rotation period;no cataloged age
TOI-1224,"G=12.77, NUV=19.04, FUV=20.46",Predicted Lya flux before ISM absorption 2.5e-13;FUV used for buffer time estimate 20.46;deemed ACTIVE on the basis of fuv more than 3x brighter than median for field stars of similar Teff < 5500;stellar mass 0.40;stellar Teff 3326.00;GALEX fuv mag = 20.46;Rossby number estimate of 0.16 based on measured 1.2 d rotation period;cataloged age of 0.2 Gyr
HD21520,"G=9.03, NUV=14.45, FUV=21.62",Predicted Lya flux before ISM absorption 7.9e-14;FUV used for buffer time estimate 21.62;deemed INACTIVE on the basis of age > 1;stellar mass 1.09;stellar Teff 5871.00;GALEX fuv mag = 21.62;Rossby number unknown due to no cataloged rotation period;cataloged age of 5 Gyr
WASP-59,"G=12.30, NUV=21.73",Predicted Lya flux before ISM absorption 3.8e-14;FUV used for buffer time estimate 22.03;deemed ACTIVE on the basis of age <= 1;stellar mass 0.72;stellar Teff 4650.00;GALEX fuv mag > 21.56;Rossby number unknown due to no cataloged rotation period;cataloged age of 0.5 Gyr
K2-72,"G=14.26, FUV=24.37",Predicted Lya flux before ISM absorption 2.5e-14;FUV used for buffer time estimate 24.37;deemed ACTIVE on the basis of fuv more than 3x brighter than median for field stars of similar Teff < 5500;stellar mass 0.27;stellar Teff 3360.47;GALEX fuv mag = 24.37;Rossby number unknown due to no cataloged rotation period;no cataloged age
TOI-5554,"G=10.73, NUV=19.64",Predicted Lya flux before ISM absorption 1.6e-13;FUV used for buffer time estimate 21.42;deemed ACTIVE due to the absence of information indicating otherwise;stellar mass 0.62;stellar Teff 3997.00;GALEX fuv mag > 21.42;Rossby number unknown due to no cataloged rotation period;no cataloged age
TOI-1467,"G=11.56, NUV=21.46",Predicted Lya flux before ISM absorption 5.2e-14;FUV used for buffer time estimate 24.60;deemed INACTIVE on the basis of age > 1;stellar mass 0.49;stellar Teff 3834.00;GALEX fuv mag > 20.71;Rossby number unknown due to no cataloged rotation period;cataloged age of 7 Gyr
TOI-2285,"G=12.42, NUV=22.76",Predicted Lya flux before ISM absorption 2.1e-14;FUV used for buffer time estimate 21.73;deemed ACTIVE due to the absence of information indicating otherwise;stellar mass 0.43;stellar Teff 3546.00;no GALEX fuv observation;Rossby number unknown due to no cataloged rotation period;no cataloged age
TOI-4576,"G=10.91, NUV=17.09, FUV=18.28",Predicted Lya flux before ISM absorption 6.9e-13;FUV used for buffer time estimate 18.28;deemed ACTIVE on the basis of fuv more than 3x brighter than median for field stars of similar Teff < 5500;stellar mass 0.68;stellar Teff 4271.00;GALEX fuv mag = 18.28;Rossby number unknown due to no cataloged rotation period;no cataloged age
TOI-4632,"G=11.41, NUV=20.53",Predicted Lya flux before ISM absorption 6.7e-14;FUV used for buffer time estimate 21.39;deemed ACTIVE due to the absence of information indicating otherwise;stellar mass 0.65;stellar Teff 4152.00;GALEX fuv mag > 21.39;Rossby number unknown due to no cataloged rotation period;no cataloged age
WASP-84,"G=10.58, NUV=17.33, FUV=23.52",Predicted Lya flux before ISM absorption 5.1e-14;FUV used for buffer time estimate 23.52;deemed INACTIVE on the basis fuv no more than 3x brighter than median for field stars of similar Teff < 5500;stellar mass 0.85;stellar Teff 5280.00;GALEX fuv mag = 23.52;Rossby number estimate of 1.26 based on measured 14.4 d rotation period;cataloged age of 2 Gyr
TOI-2094,"G=13.43, NUV=21.43",Predicted Lya flux before ISM absorption 4.4e-14;FUV used for buffer time estimate 22.70;deemed ACTIVE due to the absence of information indicating otherwise;stellar mass 0.42;stellar Teff 3435.00;GALEX fuv mag > 21.52;Rossby number unknown due to no cataloged rotation period;no cataloged age
LP714-47,"G=11.72, NUV=21.05",Predicted Lya flux before ISM absorption 5.5e-14;FUV used for buffer time estimate 28.19;deemed INACTIVE on the basis of Rossby number > 0.5;stellar mass 0.59;stellar Teff 3950.00;GALEX fuv mag > 21.38;Rossby number estimate of 3.81 based on measured 33.0 d rotation period;no cataloged age
TOI-2015,G=14.14,Predicted Lya flux before ISM absorption 1.2e-13;FUV used for buffer time estimate 29.14;deemed INACTIVE on the basis of Rossby number > 0.5;stellar mass 0.30;stellar Teff 3297.00;no GALEX fuv observation;Rossby number estimate of 1.20 based on measured 8.7 d rotation period;cataloged age of 6 Gyr
K2-3,"G=11.47, NUV=21.49",Predicted Lya flux before ISM absorption 4.6e-14;FUV used for buffer time estimate 28.27;deemed INACTIVE on the basis of Rossby number > 0.5;stellar mass 0.55;stellar Teff 3844.00;GALEX fuv mag > 21.88;Rossby number estimate of 4.86 based on measured 40.7 d rotation period;cataloged age of 7 Gyr
TOI-1728,"G=11.73, NUV=21.41",Predicted Lya flux before ISM absorption 4.0e-14;FUV used for buffer time estimate 24.82;deemed INACTIVE on the basis of age > 1;stellar mass 0.65;stellar Teff 3980.00;GALEX fuv mag > 21.66;Rossby number unknown due to no cataloged rotation period;cataloged age of 7 Gyr
TOI-233,"G=12.40, NUV=22.61",Predicted Lya flux before ISM absorption 2.6e-14;FUV used for buffer time estimate 21.92;deemed ACTIVE due to the absence of information indicating otherwise;stellar mass 0.49;stellar Teff 3644.00;GALEX fuv mag > 21.92;Rossby number unknown due to no cataloged rotation period;no cataloged age
TOI-6078,G=9.70,Predicted Lya flux before ISM absorption 3.8e-14;FUV used for buffer time estimate 19.66;deemed ACTIVE due to the absence of information indicating otherwise;stellar mass 0.87;stellar Teff 5212.00;no GALEX fuv observation;Rossby number unknown due to no cataloged rotation period;no cataloged age
TOI-4438,G=12.50,Predicted Lya flux before ISM absorption 2.7e-14;FUV used for buffer time estimate 30.79;deemed INACTIVE on the basis of Rossby number > 0.5;stellar mass 0.37;stellar Teff 3422.00;GALEX fuv mag > 21.28;Rossby number estimate of 9.13 based on measured 68.0 d rotation period;cataloged age of 5 Gyr
TOI-1452,G=13.60,Predicted Lya flux before ISM absorption 8.2e-15;FUV used for buffer time estimate 22.37;deemed ACTIVE due to the absence of information indicating otherwise;stellar mass 0.25;stellar Teff 3185.00;GALEX fuv mag > 21.34;Rossby number unknown due to no cataloged rotation period;no cataloged age
TOI-4336A,G=12.25,Predicted Lya flux before ISM absorption 4.3e-14;FUV used for buffer time estimate 28.68;deemed INACTIVE on the basis of Rossby number > 0.5;stellar mass 0.31;stellar Teff 3307.00;GALEX fuv mag > 20.91;Rossby number estimate of 4.91 based on measured 35.5 d rotation period;cataloged age of 7 Gyr
TOI-687,G=10.60,Predicted Lya flux before ISM absorption 2.2e-14;FUV used for buffer time estimate 19.95;deemed ACTIVE due to the absence of information indicating otherwise;stellar mass 0.68;stellar Teff 4253.90;no GALEX fuv observation;Rossby number unknown due to no cataloged rotation period;no cataloged age
TOI-1751,"G=9.20, NUV=13.67, FUV=20.40",Predicted Lya flux before ISM absorption 4.5e-14;FUV used for buffer time estimate 20.40;deemed INACTIVE on the basis of age > 1;stellar mass 0.94;stellar Teff 5970.00;GALEX fuv mag = 20.40;Rossby number unknown due to no cataloged rotation period;cataloged age of 9 Gyr
TOI-1696,"G=15.31, NUV=21.43",Predicted Lya flux before ISM absorption 3.8e-14;FUV used for buffer time estimate 28.64;deemed INACTIVE on the basis of age > 1;stellar mass 0.26;stellar Teff 3185.00;GALEX fuv mag > 20.99;Rossby number unknown due to no cataloged rotation period;cataloged age of 7 Gyr
GJ3090,"G=10.56, NUV=19.96, FUV=21.46",Predicted Lya flux before ISM absorption 3.1e-13;FUV used for buffer time estimate 21.46;deemed ACTIVE on the basis of fuv more than 3x brighter than median for field stars of similar Teff < 5500;stellar mass 0.52;stellar Teff 3707.00;GALEX fuv mag = 21.46;Rossby number estimate of 2.19 based on measured 17.9 d rotation period;no cataloged age
TOI-2276,"G=9.39, NUV=15.46",Predicted Lya flux before ISM absorption 5.9e-14;FUV used for buffer time estimate 21.48;deemed INACTIVE on the basis fuv no more than 3x brighter than median for field stars of similar Teff < 5500;stellar mass 0.94;stellar Teff 5482.02;GALEX fuv mag > 21.48;Rossby number unknown due to no cataloged rotation period;no cataloged age
TOI-1268,"G=10.69, NUV=17.70",Predicted Lya flux before ISM absorption 4.4e-14;FUV used for buffer time estimate 24.87;deemed INACTIVE on the basis of Rossby number > 0.5;stellar mass 0.96;stellar Teff 5300.00;GALEX fuv mag > 21.80;Rossby number estimate of 0.84 based on measured 10.9 d rotation period;cataloged age of 0.2 Gyr
KELT-2A,G=8.59,Predicted Lya flux before ISM absorption 5.6e-14;FUV used for buffer time estimate 19.19;deemed INACTIVE on the basis of age > 1;stellar mass 1.54;stellar Teff 6327.00;no GALEX fuv observation;Rossby number unknown due to no cataloged rotation period;cataloged age of 4 Gyr
TOI-1235,"G=10.85, NUV=20.56",Predicted Lya flux before ISM absorption 9.0e-14;FUV used for buffer time estimate 27.77;deemed INACTIVE on the basis fuv no more than 3x brighter than median for field stars of similar Teff < 5500;stellar mass 0.63;stellar Teff 3997.00;GALEX fuv mag > 23.26;Rossby number estimate of 4.98 based on measured 44.7 d rotation period;cataloged age of 5 Gyr
HD3167,"G=8.77, NUV=15.61, FUV=22.60",Predicted Lya flux before ISM absorption 2.3e-13;FUV used for buffer time estimate 22.60;deemed INACTIVE on the basis fuv no more than 3x brighter than median for field stars of similar Teff < 5500;stellar mass 0.84;stellar Teff 5261.00;GALEX fuv mag = 22.60;Rossby number estimate of 2.11 based on measured 23.5 d rotation period;cataloged age of 8 Gyr
TOI-1691,G=9.98,Predicted Lya flux before ISM absorption 3.4e-14;FUV used for buffer time estimate 22.68;deemed INACTIVE on the basis of age > 1;stellar mass 1.03;stellar Teff 5759.00;no GALEX fuv observation;Rossby number unknown due to no cataloged rotation period;cataloged age of 7 Gyr
TOI-6850,"G=11.16, NUV=19.72",Predicted Lya flux before ISM absorption 1.0e-13;FUV used for buffer time estimate 23.47;deemed INACTIVE on the basis fuv no more than 3x brighter than median for field stars of similar Teff < 5500;stellar mass 0.68;stellar Teff 4275.70;GALEX fuv mag > 23.47;Rossby number unknown due to no cataloged rotation period;no cataloged age
TOI-122,G=14.31,Predicted Lya flux before ISM absorption 6.3e-15;FUV used for buffer time estimate 32.78;deemed INACTIVE on the basis of Rossby number > 0.5;stellar mass 0.31;stellar Teff 3403.00;GALEX fuv mag > 21.83;Rossby number estimate of 9.93 based on measured 72.0 d rotation period;cataloged age of 2 Gyr
K2-9,"G=14.85, NUV=22.70, FUV=22.95",Predicted Lya flux before ISM absorption 1.4e-14;FUV used for buffer time estimate 22.95;deemed ACTIVE on the basis of fuv more than 3x brighter than median for field stars of similar Teff < 5500;stellar mass 0.30;stellar Teff 3390.00;GALEX fuv mag = 22.95;Rossby number unknown due to no cataloged rotation period;cataloged age of 1 Gyr
TOI-6992,"G=11.48, NUV=19.98",Predicted Lya flux before ISM absorption 8.3e-14;FUV used for buffer time estimate 20.93;deemed ACTIVE due to the absence of information indicating otherwise;stellar mass 0.70;stellar Teff 4448.20;no GALEX fuv observation;Rossby number unknown due to no cataloged rotation period;no cataloged age
TOI-870,"G=11.77, NUV=21.48",Predicted Lya flux before ISM absorption 4.1e-14;FUV used for buffer time estimate 21.10;deemed ACTIVE due to the absence of information indicating otherwise;stellar mass 0.59;stellar Teff 3927.00;no GALEX fuv observation;Rossby number unknown due to no cataloged rotation period;no cataloged age
TOI-133,"G=10.72, NUV=19.96",Predicted Lya flux before ISM absorption 1.2e-13;FUV used for buffer time estimate 22.15;deemed ACTIVE due to the absence of information indicating otherwise;stellar mass 0.63;stellar Teff 4028.00;GALEX fuv mag > 22.15;Rossby number unknown due to no cataloged rotation period;no cataloged age
TOI-2079,"G=11.95, NUV=20.76, FUV=22.46",Predicted Lya flux before ISM absorption 1.2e-13;FUV used for buffer time estimate 22.46;deemed ACTIVE on the basis of fuv more than 3x brighter than median for field stars of similar Teff < 5500;stellar mass 0.45;stellar Teff 3577.00;GALEX fuv mag = 22.46;Rossby number unknown due to no cataloged rotation period;no cataloged age
KEPLER-10,G=10.92,Predicted Lya flux before ISM absorption 1.1e-14;FUV used for buffer time estimate 23.71;deemed INACTIVE on the basis of age > 1;stellar mass 0.91;stellar Teff 5708.00;no GALEX fuv observation;Rossby number unknown due to no cataloged rotation period;cataloged age of 1e+01 Gyr
K2-174,"G=12.00, NUV=20.90",Predicted Lya flux before ISM absorption 4.1e-14;FUV used for buffer time estimate 21.55;deemed ACTIVE due to the absence of information indicating otherwise;stellar mass 0.70;stellar Teff 4455.00;GALEX fuv mag > 21.06;Rossby number unknown due to no cataloged rotation period;no cataloged age
TOI-5788,"G=10.06, NUV=15.54",Predicted Lya flux before ISM absorption 3.5e-14;FUV used for buffer time estimate 23.16;deemed INACTIVE on the basis of age > 1;stellar mass 0.87;stellar Teff 5615.00;GALEX fuv mag > 20.82;Rossby number unknown due to no cataloged rotation period;cataloged age of 6 Gyr
TOI-727,"G=12.05, NUV=17.97",Predicted Lya flux before ISM absorption 4.5e-13;FUV used for buffer time estimate 21.93;deemed ACTIVE due to the absence of information indicating otherwise;stellar mass 0.49;stellar Teff 3653.00;GALEX fuv mag > 21.93;Rossby number unknown due to no cataloged rotation period;no cataloged age
TOI-6871,"G=9.42, NUV=15.42",Predicted Lya flux before ISM absorption 6.4e-14;FUV used for buffer time estimate 21.33;deemed ACTIVE due to the absence of information indicating otherwise;stellar mass 0.98;stellar Teff 5647.10;GALEX fuv mag > 21.33;Rossby number unknown due to no cataloged rotation period;no cataloged age
TOI-2287,"G=8.97, NUV=14.61",Predicted Lya flux before ISM absorption 7.2e-14;FUV used for buffer time estimate 21.60;deemed ACTIVE due to the absence of information indicating otherwise;stellar mass 1.12;stellar Teff 6037.00;GALEX fuv mag > 21.60;Rossby number unknown due to no cataloged rotation period;no cataloged age
HD118203,"G=7.91, NUV=14.09, FUV=20.10",Predicted Lya flux before ISM absorption 7.3e-14;FUV used for buffer time estimate 20.10;deemed INACTIVE on the basis of Rossby number > 0.5;stellar mass 1.27;stellar Teff 5742.00;GALEX fuv mag = 20.10;Rossby number estimate of 1.08 based on measured 23.1 d rotation period;cataloged age of 5 Gyr
TOI-4185,"G=11.31, NUV=18.83",Predicted Lya flux before ISM absorption 1.6e-13;FUV used for buffer time estimate 21.18;deemed ACTIVE due to the absence of information indicating otherwise;stellar mass 0.70;stellar Teff 4395.60;GALEX fuv mag > 21.18;Rossby number unknown due to no cataloged rotation period;no cataloged age
TOI-270,"G=11.62, NUV=21.46",Predicted Lya flux before ISM absorption 7.0e-14;FUV used for buffer time estimate 21.85;deemed ACTIVE due to the absence of information indicating otherwise;stellar mass 0.39;stellar Teff 3506.00;GALEX fuv mag > 21.85;Rossby number unknown due to no cataloged rotation period;no cataloged age
TOI-771,G=13.34,Predicted Lya flux before ISM absorption 3.7e-14;FUV used for buffer time estimate 32.78;deemed INACTIVE on the basis of Rossby number > 0.5;stellar mass 0.22;stellar Teff 3370.00;GALEX fuv mag > 20.52;Rossby number estimate of 14.00 based on measured 98.0 d rotation period;cataloged age of 7 Gyr
KEPLER-138,"G=12.46, NUV=22.21",Predicted Lya flux before ISM absorption 2.3e-14;FUV used for buffer time estimate 25.48;deemed INACTIVE on the basis of age > 1;stellar mass 0.54;stellar Teff 3841.00;no GALEX fuv observation;Rossby number unknown due to no cataloged rotation period;cataloged age of 2 Gyr
TOI-1752,"G=13.80, NUV=24.48",Predicted Lya flux before ISM absorption 4.0e-15;FUV used for buffer time estimate 23.01;deemed ACTIVE due to the absence of information indicating otherwise;stellar mass 0.49;stellar Teff 3652.00;GALEX fuv mag > 21.69;Rossby number unknown due to no cataloged rotation period;no cataloged age
TOI-4643,"G=11.60, NUV=21.87",Predicted Lya flux before ISM absorption 3.8e-14;FUV used for buffer time estimate 21.79;deemed ACTIVE due to the absence of information indicating otherwise;stellar mass 0.54;stellar Teff 3782.00;GALEX fuv mag > 21.79;Rossby number unknown due to no cataloged rotation period;no cataloged age
TOI-2158,"G=10.67, NUV=17.37",Predicted Lya flux before ISM absorption 1.5e-14;FUV used for buffer time estimate 24.64;deemed INACTIVE on the basis of Rossby number > 0.5;stellar mass 1.12;stellar Teff 5673.00;GALEX fuv mag > 21.41;Rossby number estimate of 1.15 based on measured 19.0 d rotation period;cataloged age of 8 Gyr
TOI-4556,"G=14.30, NUV=21.82",Predicted Lya flux before ISM absorption 4.2e-14;FUV used for buffer time estimate 23.71;deemed ACTIVE due to the absence of information indicating otherwise;stellar mass 0.30;stellar Teff 3319.00;GALEX fuv mag > 21.33;Rossby number unknown due to no cataloged rotation period;no cataloged age
TOI-6054,G=7.89,Predicted Lya flux before ISM absorption 1.0e-13;FUV used for buffer time estimate 19.45;deemed INACTIVE on the basis of age > 1;stellar mass 1.11;stellar Teff 6047.00;no GALEX fuv observation;Rossby number unknown due to no cataloged rotation period;cataloged age of 6 Gyr
K2-25,"G=14.36, NUV=23.34",Predicted Lya flux before ISM absorption 1.4e-14;FUV used for buffer time estimate 25.49;deemed ACTIVE on the basis of Rossby number <= 0.5;stellar mass 0.26;stellar Teff 3207.00;GALEX fuv mag > 21.35;Rossby number estimate of 0.26 based on measured 1.9 d rotation period;cataloged age of 0.7 Gyr
KEPLER-444,"G=8.65, NUV=15.65",Predicted Lya flux before ISM absorption 1.0e-13;FUV used for buffer time estimate 22.25;deemed INACTIVE on the basis of age > 1;stellar mass 0.76;stellar Teff 5046.00;no GALEX fuv observation;Rossby number unknown due to no cataloged rotation period;cataloged age of 1e+01 Gyr
TOI-4529,"G=11.22, NUV=21.41",Predicted Lya flux before ISM absorption 6.3e-14;FUV used for buffer time estimate 26.99;deemed INACTIVE on the basis of Rossby number > 0.5;stellar mass 0.48;stellar Teff 3697.00;GALEX fuv mag > 21.85;Rossby number estimate of 2.59 based on measured 20.7 d rotation period;no cataloged age
WASP-8,"G=9.62, NUV=16.36, FUV=22.31",Predicted Lya flux before ISM absorption 4.0e-14;FUV used for buffer time estimate 22.31;deemed INACTIVE on the basis of age > 1;stellar mass 1.34;stellar Teff 5600.00;GALEX fuv mag = 22.31;Rossby number unknown due to no cataloged rotation period;cataloged age of 3 Gyr
